array,zero_based_index,value
steps,0,1
steps,1,2
steps,2,3
steps,3,4
steps,4,5
steps,5,6
steps,6,7
steps,7,8
steps,8,9
steps,9,10
steps,10,11
steps,11,12
steps,12,13
steps,13,14
steps,14,15
steps,15,16
steps,16,17
steps,17,18
steps,18,19
steps,19,20
steps,20,21
steps,21,22
steps,22,23
steps,23,24
steps,24,25
steps,25,26
steps,26,27
steps,27,28
steps,28,29
steps,29,30
steps,30,31
steps,31,32
steps,32,33
steps,33,34
steps,34,35
steps,35,36
steps,36,37
steps,37,38
steps,38,39
steps,39,40
steps,40,41
steps,41,42
steps,42,43
steps,43,44
steps,44,45
steps,45,46
steps,46,47
steps,47,48
steps,48,49
steps,49,50
steps,50,51
steps,51,52
steps,52,53
steps,53,54
steps,54,55
steps,55,56
steps,56,57
steps,57,58
steps,58,59
steps,59,60
steps,60,61
steps,61,62
steps,62,63
steps,63,64
steps,64,65
steps,65,66
steps,66,67
steps,67,68
steps,68,69
steps,69,70
steps,70,71
steps,71,72
steps,72,73
steps,73,74
steps,74,75
steps,75,76
steps,76,77
steps,77,78
steps,78,79
steps,79,80
steps,80,81
steps,81,82
steps,82,83
steps,83,84
steps,84,85
steps,85,86
steps,86,87
steps,87,88
steps,88,89
steps,89,90
steps,90,91
steps,91,92
steps,92,93
steps,93,94
steps,94,95
steps,95,96
steps,96,97
steps,97,98
steps,98,99
steps,99,100
steps,100,101
steps,101,102
steps,102,103
steps,103,104
steps,104,105
steps,105,106
steps,106,107
steps,107,108
steps,108,109
steps,109,110
steps,110,111
steps,111,112
steps,112,113
steps,113,114
steps,114,115
steps,115,116
steps,116,117
steps,117,118
steps,118,119
steps,119,120
steps,120,121
steps,121,122
steps,122,123
steps,123,124
steps,124,125
steps,125,126
steps,126,127
steps,127,128
steps,128,129
steps,129,130
steps,130,131
steps,131,132
steps,132,133
steps,133,134
steps,134,135
steps,135,136
steps,136,137
steps,137,138
steps,138,139
steps,139,140
steps,140,141
steps,141,142
steps,142,143
steps,143,144
steps,144,145
steps,145,146
steps,146,147
steps,147,148
steps,148,149
steps,149,150
radar,0.0,85.33243604286693
radar,0.1,94.61485938461196
radar,0.2,92.45885073739737
radar,0.3,90.52834278007006
radar,0.4,84.55593105259918
radar,0.5,87.972917063663
radar,1.0,76.4974480389177
radar,1.1,86.95784153066911
radar,1.2,47.56024141519323
radar,1.3,76.5706897731671
radar,1.4,61.69518189869901
radar,1.5,41.70553441214082
radar,2.0,68.19339721439434
radar,2.1,52.17154369586985
radar,2.2,68.80969599528784
radar,2.3,54.42207134824808
radar,2.4,75.37317627881063
radar,2.5,47.632951121706924
radar,3.0,61.1712875359416
radar,3.1,53.73826490955156
radar,3.2,66.31761252173739
radar,3.3,45.72701334048722
radar,3.4,58.07879254014152
radar,3.5,72.65272769635928
radar,4.0,89.15051993543821
radar,4.1,72.69306230815977
radar,4.2,88.37071251105179
radar,4.3,64.55756257430365
radar,4.4,69.42196503012882
radar,4.5,96.0
radar,5.0,85.52114850819784
radar,5.1,46.52470921307805
radar,5.2,78.65207879272873
radar,5.3,81.34214501270388
radar,5.4,39.393377771184966
radar,5.5,67.58392367357962
radar,6.0,84.38107949179395
radar,6.1,66.53444752821189
radar,6.2,58.08213398282926
radar,6.3,33.641720394735266
radar,6.4,74.27925683688008
radar,6.5,27.692457029597193
bars1,0.0,58.23285708869008
bars1,0.1,47.625224523662794
bars1,0.2,80.80040752689031
bars1,0.3,47.90848565428102
bars1,1.0,69.66193636972048
bars1,1.1,85.23483746904891
bars1,1.2,78.48132068089572
bars1,1.3,68.30787692966919
bars2,0.0,23.107350787588118
bars2,0.1,80.33218794991811
bars2,0.2,66.55702332962704
bars2,0.3,63.20769870604609
bars2,1.0,16.27424828789732
bars2,1.1,75.53139347808077
bars2,1.2,71.29226221041895
bars2,1.3,77.22505779035568
sensitivity,0.0,73.28051968789862
sensitivity,0.1,51.9584099979929
sensitivity,0.2,68.49258012021379
sensitivity,0.3,74.41724888665672
sensitivity,1.0,84.68438921584982
sensitivity,1.1,62.6717072842824
sensitivity,1.2,68.79763767758132
sensitivity,1.3,89.98011216276069
sensitivity,2.0,73.24434734251786
sensitivity,2.1,56.129391817270324
sensitivity,2.2,95.26288246354274
sensitivity,2.3,81.64120792228648
sensitivity,3.0,54.758738437373346
sensitivity,3.1,76.28307980726417
sensitivity,3.2,61.657726046402125
sensitivity,3.3,61.958878874418815
ribbons,0.0,0.04077701770861129
ribbons,0.1,0.05327636725337478
ribbons,0.2,0.06772291309640939
ribbons,0.3,0.07248449287603133
ribbons,0.4,0.08886278199872619
ribbons,0.5,0.09356454753381008
ribbons,0.6,0.10392575397244899
ribbons,0.7,0.11509087834591278
ribbons,0.8,0.12565577297869762
ribbons,0.9,0.15370976597363073
ribbons,0.10,0.18322662925407449
ribbons,0.11,0.2087131606850383
ribbons,0.12,0.2317868922266646
ribbons,0.13,0.2510821546814432
ribbons,0.14,0.2415339295506705
ribbons,0.15,0.24648250356174062
ribbons,0.16,0.26496936066096377
ribbons,0.17,0.2730732033677826
ribbons,0.18,0.31194790221518764
ribbons,0.19,0.34660498762230096
ribbons,0.20,0.3587284953154128
ribbons,0.21,0.3564455442970151
ribbons,0.22,0.3588032071950694
ribbons,0.23,0.3371153219922975
ribbons,0.24,0.3449625418653097
ribbons,0.25,0.3461761460951366
ribbons,0.26,0.362027508369459
ribbons,0.27,0.382189540382523
ribbons,0.28,0.40815407859804176
ribbons,0.29,0.4093012227866107
ribbons,0.30,0.43270674454502345
ribbons,0.31,0.4437338614891255
ribbons,0.32,0.44791892330720073
ribbons,0.33,0.4559728049747604
ribbons,0.34,0.46479123303088327
ribbons,0.35,0.4672122518674229
ribbons,0.36,0.4740568713526836
ribbons,0.37,0.48528974196916114
ribbons,0.38,0.4899573594103373
ribbons,0.39,0.4988949033044219
ribbons,0.40,0.5206186018621715
ribbons,0.41,0.5235694267230971
ribbons,0.42,0.5364998229989995
ribbons,0.43,0.5400820251631112
ribbons,0.44,0.5495263438876283
ribbons,0.45,0.5380806707124964
ribbons,0.46,0.5248817840420313
ribbons,0.47,0.5278242292426337
ribbons,0.48,0.5487417383000475
ribbons,0.49,0.5453638469902458
ribbons,0.50,0.551402126567621
ribbons,0.51,0.5841615911094445
ribbons,0.52,0.5887345104971922
ribbons,0.53,0.5882727154875458
ribbons,0.54,0.6023376708820176
ribbons,0.55,0.6136267855774684
ribbons,0.56,0.6064428256529333
ribbons,0.57,0.611961249320223
ribbons,0.58,0.612461141015477
ribbons,0.59,0.6020889366093922
ribbons,0.60,0.6058269447157175
ribbons,0.61,0.6142432867153336
ribbons,0.62,0.6101698005322074
ribbons,0.63,0.6096277388042156
ribbons,0.64,0.6241299707007946
ribbons,0.65,0.6250411950382094
ribbons,0.66,0.6283022570218945
ribbons,0.67,0.6417564771594741
ribbons,0.68,0.6625465983061237
ribbons,0.69,0.6710965035683673
ribbons,0.70,0.6821903157773582
ribbons,0.71,0.6841302567795278
ribbons,0.72,0.6891754869059832
ribbons,0.73,0.6871735294037875
ribbons,0.74,0.6942462592153664
ribbons,0.75,0.6850927211852286
ribbons,0.76,0.7029722263406065
ribbons,0.77,0.7110209379429646
ribbons,0.78,0.7219773196146465
ribbons,0.79,0.7345647392930031
ribbons,0.80,0.7365580122234008
ribbons,0.81,0.7304607691094707
ribbons,0.82,0.7212374013363639
ribbons,0.83,0.7136547388855988
ribbons,0.84,0.713022723202211
ribbons,0.85,0.7266764755021221
ribbons,0.86,0.7343156461466819
ribbons,0.87,0.7450286178050456
ribbons,0.88,0.7467568372716011
ribbons,0.89,0.7406517285304073
ribbons,0.90,0.7503542701149565
ribbons,0.91,0.7512281461160081
ribbons,0.92,0.7483848879705236
ribbons,0.93,0.7499888920781397
ribbons,0.94,0.7640768223740452
ribbons,0.95,0.748039913203658
ribbons,0.96,0.7528408999913287
ribbons,0.97,0.7570273785693328
ribbons,0.98,0.7422470904541252
ribbons,0.99,0.7390876284301025
ribbons,0.100,0.754025968875982
ribbons,0.101,0.7495652759481124
ribbons,0.102,0.7537407380485255
ribbons,0.103,0.7726328105644837
ribbons,0.104,0.7760525327755701
ribbons,0.105,0.7843468980301602
ribbons,0.106,0.786513740255031
ribbons,0.107,0.7870383997434399
ribbons,0.108,0.8016345799600663
ribbons,0.109,0.796784913409531
ribbons,0.110,0.7845435402416464
ribbons,0.111,0.7875720036817034
ribbons,0.112,0.7966548397394548
ribbons,0.113,0.7898517853195655
ribbons,0.114,0.7897854439830773
ribbons,0.115,0.8091252686221527
ribbons,0.116,0.8187360238447665
ribbons,0.117,0.814142794173551
ribbons,0.118,0.817982727997045
ribbons,0.119,0.8359963289054742
ribbons,0.120,0.8347084678974975
ribbons,0.121,0.8247729600167821
ribbons,0.122,0.8311925921444812
ribbons,0.123,0.8281627189653614
ribbons,0.124,0.8226671139992968
ribbons,0.125,0.8165485303008025
ribbons,0.126,0.8340229212428727
ribbons,0.127,0.8346478373877729
ribbons,0.128,0.8427091694989874
ribbons,0.129,0.8414111981442851
ribbons,0.130,0.8559479033800507
ribbons,0.131,0.8578943362072405
ribbons,0.132,0.8526914971714101
ribbons,0.133,0.8475032244634072
ribbons,0.134,0.8593697365808481
ribbons,0.135,0.856818836082724
ribbons,0.136,0.8516974353725459
ribbons,0.137,0.8541958721246902
ribbons,0.138,0.8634036185657327
ribbons,0.139,0.861927290914982
ribbons,0.140,0.852380138706109
ribbons,0.141,0.8510432470356423
ribbons,0.142,0.8584840279661812
ribbons,0.143,0.857087538398106
ribbons,0.144,0.8464456582644765
ribbons,0.145,0.8509545658651939
ribbons,0.146,0.8521927016961811
ribbons,0.147,0.8427477405118737
ribbons,0.148,0.8340439634963678
ribbons,0.149,0.8330794868538284
ribbons,1.0,0.04455491478757642
ribbons,1.1,0.03749141867083089
ribbons,1.2,0.03529568409819103
ribbons,1.3,0.02834072276750102
ribbons,1.4,0.022031566733796346
ribbons,1.5,0.03659931043039838
ribbons,1.6,0.055655515555841646
ribbons,1.7,0.06921787534068327
ribbons,1.8,0.08931703576162961
ribbons,1.9,0.0998560000239969
ribbons,1.10,0.10360246283091734
ribbons,1.11,0.09969850085776939
ribbons,1.12,0.10033234653377965
ribbons,1.13,0.10075530181386197
ribbons,1.14,0.10904840001906159
ribbons,1.15,0.11351533395236647
ribbons,1.16,0.13118787932687437
ribbons,1.17,0.13592847229543648
ribbons,1.18,0.1476442586402055
ribbons,1.19,0.14656601044998635
ribbons,1.20,0.15786643960064192
ribbons,1.21,0.14946426151414358
ribbons,1.22,0.1647704495777531
ribbons,1.23,0.16313964595328226
ribbons,1.24,0.17658904991152677
ribbons,1.25,0.17659460018506284
ribbons,1.26,0.18598540685969092
ribbons,1.27,0.17862692765143
ribbons,1.28,0.18581091085066656
ribbons,1.29,0.17782956862632007
ribbons,1.30,0.17536858997581042
ribbons,1.31,0.18406872462559665
ribbons,1.32,0.1931012778281773
ribbons,1.33,0.1934068835829274
ribbons,1.34,0.19912854080397793
ribbons,1.35,0.2156812370335112
ribbons,1.36,0.22694435686483247
ribbons,1.37,0.21951946115219761
ribbons,1.38,0.22189036088964334
ribbons,1.39,0.23293959042419113
ribbons,1.40,0.225224739641556
ribbons,1.41,0.22592928817723487
ribbons,1.42,0.2464446574512194
ribbons,1.43,0.2573012807291674
ribbons,1.44,0.25427392515007674
ribbons,1.45,0.26335152844005866
ribbons,1.46,0.2623911402996703
ribbons,1.47,0.2597708479959072
ribbons,1.48,0.26416905249297745
ribbons,1.49,0.28516435288117703
ribbons,1.50,0.2873212290529239
ribbons,1.51,0.29157581072763267
ribbons,1.52,0.30254462529825116
ribbons,1.53,0.3001524494569606
ribbons,1.54,0.29955851488548296
ribbons,1.55,0.3038501155300658
ribbons,1.56,0.3035421797581539
ribbons,1.57,0.3057655430635187
ribbons,1.58,0.3130916703729299
ribbons,1.59,0.31814561404842506
ribbons,1.60,0.32385140931090145
ribbons,1.61,0.3349338080147114
ribbons,1.62,0.333842620033204
ribbons,1.63,0.3300356005890843
ribbons,1.64,0.3284178889005077
ribbons,1.65,0.33136573809365494
ribbons,1.66,0.3187320185997206
ribbons,1.67,0.3330569601808165
ribbons,1.68,0.35128760598480263
ribbons,1.69,0.3438854544010404
ribbons,1.70,0.34607282002516415
ribbons,1.71,0.3682725558844281
ribbons,1.72,0.3673805713719283
ribbons,1.73,0.365686857801838
ribbons,1.74,0.38916281038484846
ribbons,1.75,0.3908105597645548
ribbons,1.76,0.37458067468598505
ribbons,1.77,0.3706532056573592
ribbons,1.78,0.3753924599229579
ribbons,1.79,0.37174477609974543
ribbons,1.80,0.3764041286565007
ribbons,1.81,0.39504709859879156
ribbons,1.82,0.388569357118564
ribbons,1.83,0.39199170806584765
ribbons,1.84,0.39409317799765387
ribbons,1.85,0.3982941648694637
ribbons,1.86,0.3904890401115312
ribbons,1.87,0.40429635891453736
ribbons,1.88,0.40102209600312233
ribbons,1.89,0.3896581906172055
ribbons,1.90,0.39888067219947504
ribbons,1.91,0.4130860872055286
ribbons,1.92,0.4098428830471894
ribbons,1.93,0.4101892663729216
ribbons,1.94,0.43326751413407355
ribbons,1.95,0.42941808240274687
ribbons,1.96,0.4204809533900132
ribbons,1.97,0.4293047120098131
ribbons,1.98,0.4317770666391544
ribbons,1.99,0.4301584683709803
ribbons,1.100,0.42063733230555284
ribbons,1.101,0.4325578472807165
ribbons,1.102,0.4364763099496667
ribbons,1.103,0.444981568162727
ribbons,1.104,0.43908297887061315
ribbons,1.105,0.4532486561385976
ribbons,1.106,0.45546131612761603
ribbons,1.107,0.45027616460792
ribbons,1.108,0.4414481359209614
ribbons,1.109,0.44381342485635544
ribbons,1.110,0.44432209055227123
ribbons,1.111,0.44788691052332497
ribbons,1.112,0.4500682682385454
ribbons,1.113,0.45958859326955365
ribbons,1.114,0.46745092118303483
ribbons,1.115,0.4627395728421843
ribbons,1.116,0.46225837285543914
ribbons,1.117,0.4622862632874561
ribbons,1.118,0.4610271545791715
ribbons,1.119,0.45710454760723795
ribbons,1.120,0.4637584717316546
ribbons,1.121,0.45490268009844254
ribbons,1.122,0.4551362231212266
ribbons,1.123,0.467688681263674
ribbons,1.124,0.47570768989587814
ribbons,1.125,0.47110549944351465
ribbons,1.126,0.4821943013934317
ribbons,1.127,0.4841003231225698
ribbons,1.128,0.4693324975894227
ribbons,1.129,0.4673085312336401
ribbons,1.130,0.467167450190379
ribbons,1.131,0.46595042064250414
ribbons,1.132,0.47996675217967577
ribbons,1.133,0.4835464834721458
ribbons,1.134,0.4854282788015504
ribbons,1.135,0.5030279834065237
ribbons,1.136,0.5076430220492643
ribbons,1.137,0.504201723183605
ribbons,1.138,0.517926553405039
ribbons,1.139,0.5158978837845329
ribbons,1.140,0.5241229788260758
ribbons,1.141,0.5338895143619503
ribbons,1.142,0.5310661173665796
ribbons,1.143,0.5230622023484783
ribbons,1.144,0.5284212144001325
ribbons,1.145,0.5204226679445731
ribbons,1.146,0.5106121489381321
ribbons,1.147,0.5217154598303528
ribbons,1.148,0.5321216590452293
ribbons,1.149,0.5380680287740852
ribbons,2.0,0.018890605863869855
ribbons,2.1,0.01604618314387378
ribbons,2.2,0.011244640489464486
ribbons,2.3,0.002723586875202256
ribbons,2.4,0.003988582744623624
ribbons,2.5,0.0008710231092544703
ribbons,2.6,2.5369794312640748e-05
ribbons,2.7,0.0024878148442166216
ribbons,2.8,0.004470585868093616
ribbons,2.9,0.0
ribbons,2.10,0.0
ribbons,2.11,0.0
ribbons,2.12,0.0
ribbons,2.13,0.0
ribbons,2.14,0.004231350791886256
ribbons,2.15,0.015737403305971093
ribbons,2.16,0.016893796917114175
ribbons,2.17,0.012338935631631576
ribbons,2.18,0.013401800588926562
ribbons,2.19,0.012180697411070866
ribbons,2.20,0.009831517347935364
ribbons,2.21,0.007954069791912936
ribbons,2.22,0.0063465805100879225
ribbons,2.23,0.0075449079915666985
ribbons,2.24,0.01542493784141995
ribbons,2.25,0.009490363025891098
ribbons,2.26,0.01846009303194332
ribbons,2.27,0.029238362660481212
ribbons,2.28,0.04234451584918184
ribbons,2.29,0.03991245336328242
ribbons,2.30,0.045214884242221726
ribbons,2.31,0.049004839758664445
ribbons,2.32,0.05160119757831564
ribbons,2.33,0.040998127534541996
ribbons,2.34,0.04329593554115131
ribbons,2.35,0.05193648531134414
ribbons,2.36,0.05109933254109016
ribbons,2.37,0.054893275958758855
ribbons,2.38,0.06375850826820756
ribbons,2.39,0.07480816269634392
ribbons,2.40,0.07113371823079377
ribbons,2.41,0.07815400672297115
ribbons,2.42,0.08465689360461032
ribbons,2.43,0.08731985870804122
ribbons,2.44,0.08805543093827355
ribbons,2.45,0.09868825891956148
ribbons,2.46,0.09538446145792283
ribbons,2.47,0.08913889173553072
ribbons,2.48,0.09337930323135749
ribbons,2.49,0.08847900444379318
ribbons,2.50,0.08720602821671782
ribbons,2.51,0.09378852340897535
ribbons,2.52,0.09903179751014303
ribbons,2.53,0.10338842270869253
ribbons,2.54,0.1142019140390207
ribbons,2.55,0.11943948062133
ribbons,2.56,0.11809499682160757
ribbons,2.57,0.12788659134585242
ribbons,2.58,0.12617216471322248
ribbons,2.59,0.12317230127053937
ribbons,2.60,0.11969155230405401
ribbons,2.61,0.1255439832313391
ribbons,2.62,0.1193131200890401
ribbons,2.63,0.12904225841869496
ribbons,2.64,0.13354275733552054
ribbons,2.65,0.1365137686753726
ribbons,2.66,0.14438990756617137
ribbons,2.67,0.1536120179182642
ribbons,2.68,0.15306185932484154
ribbons,2.69,0.15700204954058983
ribbons,2.70,0.1615384625824151
ribbons,2.71,0.1596161737789954
ribbons,2.72,0.16228590683138738
ribbons,2.73,0.16395677168336462
ribbons,2.74,0.16079993080480845
ribbons,2.75,0.15773451763323926
ribbons,2.76,0.15636692994409962
ribbons,2.77,0.1534961422283481
ribbons,2.78,0.15262033776365555
ribbons,2.79,0.15670617655366018
ribbons,2.80,0.15918404210890166
ribbons,2.81,0.16221150094610642
ribbons,2.82,0.16145737015135403
ribbons,2.83,0.1692764760154443
ribbons,2.84,0.17016363397246634
ribbons,2.85,0.17837346830608328
ribbons,2.86,0.18827999274104956
ribbons,2.87,0.195341527601
ribbons,2.88,0.19381357392972465
ribbons,2.89,0.19445662667747657
ribbons,2.90,0.19079258056563692
ribbons,2.91,0.1812240168390855
ribbons,2.92,0.16981624116084237
ribbons,2.93,0.17040183630009378
ribbons,2.94,0.17731400467811526
ribbons,2.95,0.18629977055608812
ribbons,2.96,0.18489497376651548
ribbons,2.97,0.19417713383057478
ribbons,2.98,0.19853763677679043
ribbons,2.99,0.202908352822523
ribbons,2.100,0.19873398575163037
ribbons,2.101,0.20161326416894404
ribbons,2.102,0.19804225045635349
ribbons,2.103,0.19115134034642026
ribbons,2.104,0.18877296278472258
ribbons,2.105,0.1921173417761183
ribbons,2.106,0.198191837459771
ribbons,2.107,0.20894056080294998
ribbons,2.108,0.21546200635440038
ribbons,2.109,0.22086477106096858
ribbons,2.110,0.22566597626998736
ribbons,2.111,0.22365455726661482
ribbons,2.112,0.2182844885970778
ribbons,2.113,0.22096463722415766
ribbons,2.114,0.22488007674591623
ribbons,2.115,0.22303617872322168
ribbons,2.116,0.23526711680063545
ribbons,2.117,0.24643753993905443
ribbons,2.118,0.2506410024126453
ribbons,2.119,0.24124268374467134
ribbons,2.120,0.24118642244447724
ribbons,2.121,0.2324106196140136
ribbons,2.122,0.2314586831092554
ribbons,2.123,0.2265779980223107
ribbons,2.124,0.2342453667058793
ribbons,2.125,0.23630831680843495
ribbons,2.126,0.2452784202834498
ribbons,2.127,0.2404025102174959
ribbons,2.128,0.24746454029958959
ribbons,2.129,0.24367722665559446
ribbons,2.130,0.24008454398590942
ribbons,2.131,0.23515354465889168
ribbons,2.132,0.23851199838054934
ribbons,2.133,0.24219319408352133
ribbons,2.134,0.24885133185892958
ribbons,2.135,0.254138786713984
ribbons,2.136,0.2507745585666052
ribbons,2.137,0.2566815068916898
ribbons,2.138,0.2501114206036004
ribbons,2.139,0.24833740704053514
ribbons,2.140,0.24921640334613998
ribbons,2.141,0.2550290775475806
ribbons,2.142,0.25338748193181077
ribbons,2.143,0.2613131852315592
ribbons,2.144,0.25682166136733886
ribbons,2.145,0.25274948630541527
ribbons,2.146,0.2449058426579638
ribbons,2.147,0.2488785574038413
ribbons,2.148,0.24725649968640348
ribbons,2.149,0.2577954401860172
preference,0,-0.012159769815757702
preference,1,-0.009969316852419462
preference,2,-0.006190474857367408
preference,3,-0.0024135069507343135
preference,4,-0.003260346584358166
preference,5,-0.0042259057154399125
preference,6,0.00023981197541665233
preference,7,0.0006333952891461863
preference,8,-0.0027683866536649983
preference,9,-0.0033340236835492656
preference,10,-0.0008267016856472265
preference,11,-0.0021926207773644603
preference,12,0.00030900684308951933
preference,13,0.0075885598889792166
preference,14,0.012146793891236267
preference,15,0.011017701151563135
preference,16,0.010900324518632334
preference,17,0.0094939271179831
preference,18,0.00425847182807039
preference,19,0.005599288431388108
preference,20,0.008478240983798315
preference,21,0.010647656800481903
preference,22,0.007558183575698023
preference,23,0.008410102149616957
preference,24,0.008663144270840039
preference,25,0.007155023958337856
preference,26,0.00727397185959505
preference,27,0.006745158386672643
preference,28,0.00776122648820829
preference,29,0.010898460441282929
preference,30,0.012277294662963832
preference,31,0.010456292659562268
preference,32,0.011274068965896934
preference,33,0.016890393081463655
preference,34,0.009672626791690328
preference,35,0.009461994246889396
preference,36,0.013827195195418309
preference,37,0.018063592667837754
preference,38,0.015369334819793055
preference,39,0.014586298779657506
preference,40,0.013383683065433232
preference,41,0.006296590014679439
preference,42,-0.004456722068889609
preference,43,-0.006191530318068409
preference,44,-0.008631745705994995
preference,45,-0.011605658055081762
preference,46,-0.008882839416115843
preference,47,0.0015383380727309879
preference,48,-0.0008799795216164063
preference,49,0.0017065299411293013
preference,50,0.0027773898220676335
preference,51,0.000525424533388497
preference,52,-0.004246178021587558
preference,53,-0.00827790579796021
preference,54,-0.009045248273244502
preference,55,-0.008469780959898702
preference,56,-0.010125467929242404
preference,57,-0.0033782843176390995
preference,58,-0.004255694911054878
preference,59,0.003301992165161279
preference,60,0.0014005630112452695
preference,61,0.004364067938086841
preference,62,-0.0036736596844437978
preference,63,-0.0033436464598110213
preference,64,-0.009740913174514507
preference,65,-0.00824715877333091
preference,66,-0.01088813886037356
preference,67,-0.006758956120042927
preference,68,-0.004108942434218868
preference,69,-0.0027757101793240927
preference,70,-0.0017525795489141977
preference,71,0.002517587018551857
preference,72,0.00362758124393963
preference,73,0.010522455710538389
preference,74,0.011752346699682939
preference,75,0.010254355851894896
preference,76,0.017167704639534938
preference,77,0.019266130833347314
preference,78,0.017021408942237175
preference,79,0.021380672330729565
preference,80,0.026861446192655448
preference,81,0.019282378881509143
preference,82,0.01697806144234964
preference,83,0.0206452329835483
preference,84,0.023414131725916887
preference,85,0.02448516898091283
preference,86,0.026774123745603253
preference,87,0.030983576062002825
preference,88,0.03004817815346441
preference,89,0.0261892489170671
preference,90,0.026096139405347232
preference,91,0.031047739051642553
preference,92,0.029028909132759115
preference,93,0.02826799795518354
preference,94,0.03195989722254277
preference,95,0.03500423596151434
preference,96,0.03408521799725536
preference,97,0.040842885652550905
preference,98,0.04505492354160993
preference,99,0.0414799773683502
preference,100,0.04072772727944642
preference,101,0.039967963727198096
preference,102,0.03401659516740706
preference,103,0.033739204401692785
preference,104,0.03901881072200867
preference,105,0.03265652213163477
preference,106,0.03614001682675922
preference,107,0.040979688544973865
preference,108,0.04121864508251679
preference,109,0.03807599214568404
preference,110,0.04404434349527718
preference,111,0.04260818729453716
preference,112,0.04034535967443442
preference,113,0.042664311224330245
preference,114,0.040014409948165214
preference,115,0.04222189058570159
preference,116,0.04152327936583159
preference,117,0.041934274274544076
preference,118,0.0372057401108627
preference,119,0.04198336384091653
preference,120,0.03722327886460711
preference,121,0.031988893879560824
preference,122,0.02858389306549631
preference,123,0.030884100695352797
preference,124,0.028926448452756992
preference,125,0.027994707162699806
preference,126,0.033401496017348424
preference,127,0.03692818829426149
preference,128,0.03706946673658864
preference,129,0.0353609229465091
preference,130,0.03775704411146163
preference,131,0.035993119483973775
preference,132,0.0321193154328665
preference,133,0.028814331631866495
preference,134,0.029806030096582784
preference,135,0.03179751255553855
preference,136,0.03048354001037961
preference,137,0.032861112561027576
preference,138,0.033701500155091955
preference,139,0.037804093862729454
preference,140,0.03648036753309002
preference,141,0.037859900581414335
preference,142,0.03676754360687944
preference,143,0.03587675628544533
preference,144,0.028200976017621344
preference,145,0.020425765450597627
preference,146,0.02362402781794015
preference,147,0.025586947266884118
preference,148,0.027728469199096384
preference,149,0.03092615454892976
relative,0,-0.005302438656824114
relative,1,-0.004539021007646475
relative,2,-0.0032028980035480195
relative,3,-0.0014066882016949929
relative,4,-0.0005750218989708537
relative,5,0.000528732322496854
relative,6,0.0009220765599157301
relative,7,0.0005663947850354457
relative,8,0.001181059761962223
relative,9,0.0005506473071729186
relative,10,0.0012567566236985623
relative,11,0.004535526927922071
relative,12,0.006441710153037351
relative,13,0.00486583142704063
relative,14,0.006951035304024839
relative,15,0.007366149632509783
relative,16,0.004283451610736429
relative,17,0.002317060407792019
relative,18,0.0025185731090449615
relative,19,0.0016912472300378073
relative,20,0.0013630162895640115
relative,21,0.0032952893385196965
relative,22,0.0038775426667666153
relative,23,0.004898809887382142
relative,24,0.003325093081322221
relative,25,0.004111544879777454
relative,26,0.0016162963020632795
relative,27,0.002264436196232059
relative,28,0.0011405728788250217
relative,29,0.0035642551929513395
relative,30,0.003578521516712509
relative,31,0.004302796933572642
relative,32,0.004057781032968861
relative,33,0.006248434270870237
relative,34,0.005217529952853617
relative,35,0.0025131731137510143
relative,36,0.0025496321119071433
relative,37,0.0010706018057499895
relative,38,-0.0005819900115381943
relative,39,-0.00092847648138486
relative,40,0.0013844827377186043
relative,41,0.002416488732679059
relative,42,0.002921423346568109
relative,43,0.00422836719059762
relative,44,0.006897753978095272
relative,45,0.006533316298684628
relative,46,0.00271685377834512
relative,47,0.0019172151250468382
relative,48,0.0004275454258399732
relative,49,-0.002950367347835575
relative,50,-0.005715833181564708
relative,51,-0.0035697127172936017
relative,52,-0.0036754171176032855
relative,53,-0.0036437515222785275
relative,54,-0.002403758217985205
relative,55,0.0006298517291114711
relative,56,0.0007505471738222195
relative,57,0.002211282618766486
relative,58,0.0015043131570785877
relative,59,0.00030357705707118694
relative,60,0.00024140162003542538
relative,61,0.0015692551655739281
relative,62,0.0027936131699063775
relative,63,0.00405493312374206
relative,64,0.007340036259504476
relative,65,0.007683213974293555
relative,66,0.009189061738265277
relative,67,0.009688202932517829
relative,68,0.010886710783877509
relative,69,0.00792962057694032
relative,70,0.008008522672042061
relative,71,0.006175656870891451
relative,72,0.0062990428365388785
relative,73,0.007301088793183417
relative,74,0.010501142095614336
relative,75,0.012466245583260146
relative,76,0.01370422128955692
relative,77,0.017774231412728533
relative,78,0.018850044652628187
relative,79,0.022607072707405463
relative,80,0.025153539674442935
relative,81,0.02638320256252182
relative,82,0.023917776088049313
relative,83,0.02442647904909311
relative,84,0.02477913417355499
relative,85,0.023260469657439622
relative,86,0.02860006980479905
relative,87,0.031296652054020796
relative,88,0.03235089814522336
relative,89,0.032684947302649446
relative,90,0.036622906006381586
relative,91,0.035598004793487396
relative,92,0.035944680466266546
relative,93,0.035745064619223194
relative,94,0.037465821048523654
relative,95,0.03537651297932103
relative,96,0.035246703532916965
relative,97,0.0331278464565713
relative,98,0.03347698518829246
relative,99,0.030672823183990203
relative,100,0.031163579373365093
relative,101,0.031112292505795492
relative,102,0.03537016197062518
relative,103,0.03795556034197892
relative,104,0.04028300902015224
relative,105,0.03753550818371204
relative,106,0.038388536549650416
relative,107,0.036471249440212426
relative,108,0.035405000468270276
relative,109,0.03620125030609325
relative,110,0.04045138694038458
relative,111,0.038138596655056464
relative,112,0.04011410015475739
relative,113,0.036287073097162816
relative,114,0.0334208115246997
relative,115,0.030164658845500503
relative,116,0.030862367601067454
relative,117,0.02944024855184866
relative,118,0.031301839905160014
relative,119,0.03232651608996965
relative,120,0.03332759408700546
relative,121,0.030637455726046096
relative,122,0.028734942813209697
relative,123,0.029444051930210803
relative,124,0.030312976185825388
relative,125,0.029379300240111164
relative,126,0.030319348691010498
relative,127,0.029811945266843956
relative,128,0.03019468103717885
relative,129,0.027381600475685955
relative,130,0.029070189161267725
relative,131,0.030864055100066817
relative,132,0.029943699048636304
relative,133,0.030037542148915995
relative,134,0.03008590119529859
relative,135,0.029876283624765586
relative,136,0.02825545347508082
relative,137,0.030638398536480947
relative,138,0.03075529365291342
relative,139,0.030054713870232286
relative,140,0.02810899930460934
relative,141,0.029487473507328166
relative,142,0.029579788362806246
relative,143,0.02925211629950911
relative,144,0.031042568788709646
relative,145,0.03386924320307888
relative,146,0.035878810270912026
relative,147,0.03960992527830337
relative,148,0.04382348250602068
relative,149,0.04854488073278643
tasks,0.0,8.333336190878125
tasks,0.1,15.641696841447244
tasks,0.2,24.622950730396894
tasks,0.3,31.76335134617618
tasks,0.4,42.44954792842757
tasks,0.5,51.06623393012419
tasks,0.6,61.3039244295709
tasks,0.7,68.23239269654978
tasks,0.8,76.88029327931054
tasks,0.9,83.79629877648821
tasks,0.10,95.0590488475372
tasks,0.11,101.79860892032548
tasks,0.12,110.29205734312664
tasks,0.13,117.83164448568664
tasks,0.14,126.99638408583922
tasks,0.15,131.27485129996552
tasks,0.16,139.14829382719864
tasks,0.17,145.20149997176753
tasks,0.18,152.4460439599112
tasks,0.19,159.06315490544355
tasks,0.20,169.24775150795466
tasks,0.21,175.14872666902536
tasks,0.22,183.96963135315337
tasks,0.23,191.53397837840026
tasks,0.24,197.9150504054036
tasks,0.25,205.02516330891376
tasks,0.26,213.67032258175348
tasks,0.27,218.5746802429413
tasks,0.28,222.7065703262891
tasks,0.29,228.6229723396114
tasks,0.30,231.77829125708752
tasks,0.31,238.58062565687104
tasks,0.32,245.62230161128448
tasks,0.33,253.08614270688653
tasks,0.34,258.19720737362155
tasks,0.35,262.10331769672456
tasks,0.36,267.6531768717798
tasks,0.37,273.65452289506715
tasks,0.38,280.0575065619137
tasks,0.39,287.69301114130565
tasks,0.40,295.09581940771636
tasks,0.41,296.9764706841902
tasks,0.42,302.4042391478984
tasks,0.43,307.50539602877956
tasks,0.44,311.7869802792471
tasks,0.45,316.6991418155402
tasks,0.46,324.444613328513
tasks,0.47,329.64281328425085
tasks,0.48,334.5249851822946
tasks,0.49,337.84613738104304
tasks,0.50,345.9660358264249
tasks,0.51,349.6135663471594
tasks,0.52,355.09718816006136
tasks,0.53,361.72857693122404
tasks,0.54,367.19436332113605
tasks,0.55,369.00889933018175
tasks,0.56,372.82410284484456
tasks,0.57,376.80398276630973
tasks,0.58,378.9957335409027
tasks,0.59,383.05383876530703
tasks,0.60,388.49762255948167
tasks,0.61,392.25585424978567
tasks,0.62,395.9001071550801
tasks,0.63,399.94612084567996
tasks,0.64,404.8794901442027
tasks,0.65,407.9916879028852
tasks,0.66,414.6464898913791
tasks,0.67,419.3303755482014
tasks,0.68,423.0469056369673
tasks,0.69,427.23882350985133
tasks,0.70,431.34013691962446
tasks,0.71,435.49020887175
tasks,0.72,438.2198751271865
tasks,0.73,441.5317920765078
tasks,0.74,444.97604212940706
tasks,0.75,448.70191472428377
tasks,0.76,449.6599680582985
tasks,0.77,452.8594288839955
tasks,0.78,458.2004204906417
tasks,0.79,461.05036273444324
tasks,0.80,462.8894377530689
tasks,0.81,467.1765899546331
tasks,0.82,471.14072176907854
tasks,0.83,473.3242272306421
tasks,0.84,478.27759550059
tasks,0.85,484.1540584847983
tasks,0.86,486.89614575818825
tasks,0.87,490.5740210808505
tasks,0.88,493.64853954046043
tasks,0.89,494.05148254597145
tasks,0.90,495.0805490867992
tasks,0.91,497.97907788009513
tasks,0.92,500.55950905924243
tasks,0.93,504.02819886368167
tasks,0.94,507.84235650130904
tasks,0.95,511.59050137423884
tasks,0.96,515.850444469796
tasks,0.97,521.0155545204015
tasks,0.98,524.8323911188318
tasks,0.99,528.5956916284393
tasks,0.100,531.8402124494306
tasks,0.101,534.6665069554359
tasks,0.102,535.117163176423
tasks,0.103,537.846449354418
tasks,0.104,540.2945962468098
tasks,0.105,543.053676122183
tasks,0.106,544.9120724240789
tasks,0.107,547.9269252704964
tasks,0.108,550.5670654540309
tasks,0.109,551.1056634033043
tasks,0.110,553.5742114920045
tasks,0.111,556.9687888195473
tasks,0.112,560.7644459224924
tasks,0.113,562.8613759094776
tasks,0.114,567.0962643200257
tasks,0.115,568.5524870849782
tasks,0.116,570.9143338891546
tasks,0.117,572.9446288310949
tasks,0.118,574.7462842551138
tasks,0.119,579.1900965653291
tasks,0.120,581.0742567326142
tasks,0.121,581.0742567326142
tasks,0.122,581.5654314263422
tasks,0.123,583.4594060376693
tasks,0.124,583.4594060376693
tasks,0.125,584.850749406792
tasks,0.126,588.9632367277899
tasks,0.127,589.0782527936319
tasks,0.128,590.8027466800658
tasks,0.129,591.3637493743039
tasks,0.130,595.1466250211746
tasks,0.131,598.9791098338151
tasks,0.132,599.4030427006873
tasks,0.133,600.2604326894773
tasks,0.134,604.662551914369
tasks,0.135,604.662551914369
tasks,0.136,604.662551914369
tasks,0.137,607.8798231634318
tasks,0.138,611.0073545685591
tasks,0.139,611.10013335592
tasks,0.140,614.2374355516455
tasks,0.141,618.2947862458301
tasks,0.142,618.2947862458301
tasks,0.143,618.2947862458301
tasks,0.144,619.1187211717039
tasks,0.145,620.9014603369501
tasks,0.146,621.7497978293053
tasks,0.147,623.154203747954
tasks,0.148,624.4137151952101
tasks,0.149,624.509113202766
tasks,1.0,10.832120481339402
tasks,1.1,25.199530399589598
tasks,1.2,38.657342416299805
tasks,1.3,51.863169750113826
tasks,1.4,63.39817827583661
tasks,1.5,75.94071971713892
tasks,1.6,86.33146481171455
tasks,1.7,96.84116118290174
tasks,1.8,110.44958728101808
tasks,1.9,121.8655154276201
tasks,1.10,132.59558921051016
tasks,1.11,143.8238877037583
tasks,1.12,156.56256002842164
tasks,1.13,164.52974032364088
tasks,1.14,172.9839675558081
tasks,1.15,185.162511517075
tasks,1.16,194.7874168396857
tasks,1.17,204.35876861740235
tasks,1.18,213.49265593581268
tasks,1.19,222.7936818902745
tasks,1.20,228.36147486790213
tasks,1.21,239.97510213192325
tasks,1.22,246.39832281124364
tasks,1.23,254.18782467096813
tasks,1.24,262.36535682667386
tasks,1.25,272.72327136991026
tasks,1.26,278.43020295869576
tasks,1.27,286.08825027046345
tasks,1.28,295.7013115943645
tasks,1.29,302.8651794852856
tasks,1.30,308.6532514866453
tasks,1.31,316.09990911658434
tasks,1.32,324.60719789325344
tasks,1.33,329.69258732343013
tasks,1.34,335.71981812438725
tasks,1.35,341.0627398491622
tasks,1.36,346.0696216361439
tasks,1.37,351.6859434678569
tasks,1.38,356.9430034281524
tasks,1.39,365.00405841859686
tasks,1.40,370.4916238436392
tasks,1.41,377.92163412371673
tasks,1.42,382.2777875234203
tasks,1.43,390.4490948543581
tasks,1.44,394.04821462868654
tasks,1.45,401.1930531467436
tasks,1.46,405.11122744079626
tasks,1.47,411.773929806368
tasks,1.48,412.5200660493315
tasks,1.49,419.62665194651066
tasks,1.50,425.2780463715809
tasks,1.51,429.3977038099762
tasks,1.52,432.6548927107742
tasks,1.53,439.63198941907086
tasks,1.54,442.1266586962015
tasks,1.55,445.883130302387
tasks,1.56,450.7254890164346
tasks,1.57,458.8860442878594
tasks,1.58,463.4983430611006
tasks,1.59,468.11203698420536
tasks,1.60,470.08583098894394
tasks,1.61,474.32732149265723
tasks,1.62,474.32732149265723
tasks,1.63,476.991332246592
tasks,1.64,480.30483919153676
tasks,1.65,485.23506655671986
tasks,1.66,490.4246071917822
tasks,1.67,494.32827131428763
tasks,1.68,497.87720638139007
tasks,1.69,501.42123183683276
tasks,1.70,503.8091571360287
tasks,1.71,504.83839143830323
tasks,1.72,508.1589960989259
tasks,1.73,511.05396264724135
tasks,1.74,513.9320277265908
tasks,1.75,517.6770480404723
tasks,1.76,519.8740960151039
tasks,1.77,521.461152622137
tasks,1.78,522.9173281218924
tasks,1.79,525.52524641813
tasks,1.80,526.8159414495866
tasks,1.81,529.1308930959699
tasks,1.82,533.2919314688795
tasks,1.83,536.8609170750902
tasks,1.84,539.8508503877806
tasks,1.85,543.2968058777024
tasks,1.86,546.5192445694205
tasks,1.87,546.5192445694205
tasks,1.88,547.1766602413379
tasks,1.89,548.427632641396
tasks,1.90,551.5595290136047
tasks,1.91,553.3090201863878
tasks,1.92,555.8966896287068
tasks,1.93,557.9961745978898
tasks,1.94,560.3760295184352
tasks,1.95,562.6640624298327
tasks,1.96,563.7308616156668
tasks,1.97,568.963916941021
tasks,1.98,569.8680969197711
tasks,1.99,571.71306505155
tasks,1.100,571.71306505155
tasks,1.101,573.5380260066948
tasks,1.102,574.145460304654
tasks,1.103,579.584561386
tasks,1.104,580.101221381111
tasks,1.105,583.1874478744783
tasks,1.106,585.2565861916435
tasks,1.107,585.5003533063762
tasks,1.108,586.2262134965416
tasks,1.109,588.8445738048501
tasks,1.110,588.8445738048501
tasks,1.111,588.8445738048501
tasks,1.112,591.7255943981412
tasks,1.113,591.7255943981412
tasks,1.114,591.7255943981412
tasks,1.115,592.3110329938487
tasks,1.116,594.0644254448068
tasks,1.117,594.9278969831968
tasks,1.118,596.245024755504
tasks,1.119,598.0548116759044
tasks,1.120,599.0144661966681
tasks,1.121,599.0144661966681
tasks,1.122,599.1317006088735
tasks,1.123,599.4776115165297
tasks,1.124,599.4776115165297
tasks,1.125,600.5405460339482
tasks,1.126,604.1912149636149
tasks,1.127,604.1912149636149
tasks,1.128,605.6897755806257
tasks,1.129,606.6807790675456
tasks,1.130,608.6383342992511
tasks,1.131,608.6383342992511
tasks,1.132,611.0712086628333
tasks,1.133,611.0712086628333
tasks,1.134,612.2649126009692
tasks,1.135,612.2649126009692
tasks,1.136,614.2585806118955
tasks,1.137,614.2585806118955
tasks,1.138,614.2585806118955
tasks,1.139,614.2585806118955
tasks,1.140,614.2585806118955
tasks,1.141,614.2585806118955
tasks,1.142,617.0727885829326
tasks,1.143,618.577648344827
tasks,1.144,618.577648344827
tasks,1.145,618.577648344827
tasks,1.146,618.577648344827
tasks,1.147,618.577648344827
tasks,1.148,618.577648344827
tasks,1.149,619.3729702213635
tasks,2.0,7.857110194021515
tasks,2.1,20.880634621226587
tasks,2.2,33.15914635341147
tasks,2.3,44.95909298442053
tasks,2.4,54.829794564789566
tasks,2.5,64.97642435779241
tasks,2.6,74.84222775738768
tasks,2.7,84.3014122657684
tasks,2.8,94.68161550933173
tasks,2.9,105.2868726849637
tasks,2.10,115.0680705432727
tasks,2.11,123.0164853323631
tasks,2.12,130.4242834728686
tasks,2.13,137.42227424126506
tasks,2.14,145.28857826644224
tasks,2.15,155.2068591796172
tasks,2.16,165.25563402177016
tasks,2.17,176.3438155923194
tasks,2.18,186.87216090380835
tasks,2.19,196.93466289807077
tasks,2.20,206.80079447399822
tasks,2.21,214.96816048771777
tasks,2.22,222.5447821736271
tasks,2.23,228.16865734783758
tasks,2.24,235.72346111254802
tasks,2.25,241.5301214016529
tasks,2.26,249.3134528568008
tasks,2.27,255.86897450873568
tasks,2.28,264.6717223584363
tasks,2.29,272.01029845626675
tasks,2.30,280.4662911663289
tasks,2.31,285.8667946150721
tasks,2.32,293.54072883068585
tasks,2.33,299.99235159385626
tasks,2.34,304.69567169062674
tasks,2.35,308.7466604056452
tasks,2.36,315.89851123294926
tasks,2.37,320.78340188470526
tasks,2.38,327.16989414838156
tasks,2.39,334.00710684661897
tasks,2.40,342.80711838595903
tasks,2.41,350.76981079383177
tasks,2.42,355.63036715685547
tasks,2.43,361.0367097802937
tasks,2.44,368.6652373802724
tasks,2.45,373.78713401177293
tasks,2.46,377.37040693330414
tasks,2.47,386.5065014383424
tasks,2.48,393.4508739693525
tasks,2.49,396.2726150670231
tasks,2.50,401.2451574092512
tasks,2.51,405.0224931278128
tasks,2.52,410.97141518729217
tasks,2.53,416.3245311212036
tasks,2.54,421.8881858940114
tasks,2.55,428.67604019613566
tasks,2.56,436.0807959583422
tasks,2.57,438.9776921136608
tasks,2.58,443.0651814818789
tasks,2.59,447.83780859881773
tasks,2.60,451.46655048199216
tasks,2.61,455.3404547030422
tasks,2.62,461.40594895267265
tasks,2.63,466.1719713604201
tasks,2.64,470.16841023526337
tasks,2.65,473.3167983041165
tasks,2.66,476.01005401373095
tasks,2.67,479.05864298322354
tasks,2.68,480.9350293559617
tasks,2.69,484.2042257913609
tasks,2.70,486.6864782720739
tasks,2.71,492.0410150868277
tasks,2.72,495.5151443992874
tasks,2.73,500.9159347248917
tasks,2.74,506.0454837067536
tasks,2.75,511.04523806227246
tasks,2.76,513.9428529609644
tasks,2.77,518.0621365525974
tasks,2.78,522.3804188836065
tasks,2.79,525.237701650059
tasks,2.80,528.1054850316167
tasks,2.81,532.4764345073622
tasks,2.82,536.8958337813851
tasks,2.83,538.9785383945963
tasks,2.84,544.6126376055597
tasks,2.85,548.6279832883881
tasks,2.86,552.386459578623
tasks,2.87,555.094910251381
tasks,2.88,559.8881794632169
tasks,2.89,562.3377124385947
tasks,2.90,563.0489396429845
tasks,2.91,567.4429584776351
tasks,2.92,569.9177942354654
tasks,2.93,570.8790313151558
tasks,2.94,573.5609916082931
tasks,2.95,577.7686467440183
tasks,2.96,577.9343080874484
tasks,2.97,580.8287512401063
tasks,2.98,585.166817863408
tasks,2.99,585.8147288918555
tasks,2.100,590.5444278629375
tasks,2.101,593.5541105452274
tasks,2.102,596.2051431546583
tasks,2.103,597.4928594761218
tasks,2.104,601.1789897130271
tasks,2.105,601.1789897130271
tasks,2.106,602.3585836760691
tasks,2.107,602.6475581306277
tasks,2.108,604.7152477096146
tasks,2.109,606.6224648021487
tasks,2.110,610.4122703983437
tasks,2.111,612.5871137088545
tasks,2.112,615.2376111551941
tasks,2.113,618.2555587457257
tasks,2.114,619.7812931452011
tasks,2.115,623.0821763964223
tasks,2.116,625.4830456214538
tasks,2.117,628.1906477021847
tasks,2.118,629.1895337027245
tasks,2.119,631.7093166278685
tasks,2.120,632.9599106393521
tasks,2.121,635.2338879059988
tasks,2.122,635.2644541888083
tasks,2.123,637.312313147889
tasks,2.124,637.312313147889
tasks,2.125,637.9864071966654
tasks,2.126,638.5182335806107
tasks,2.127,643.2844997830445
tasks,2.128,644.9908885694847
tasks,2.129,649.297436248498
tasks,2.130,650.1996516450681
tasks,2.131,653.1924733193481
tasks,2.132,653.1924733193481
tasks,2.133,654.8575208862543
tasks,2.134,655.9538597515048
tasks,2.135,658.4057900107136
tasks,2.136,659.1969279829727
tasks,2.137,662.2206333800375
tasks,2.138,664.2787017905097
tasks,2.139,666.3196126273624
tasks,2.140,666.809305906723
tasks,2.141,666.809305906723
tasks,2.142,668.7301842267237
tasks,2.143,670.6010316356331
tasks,2.144,671.077138525151
tasks,2.145,673.7757132396863
tasks,2.146,673.7757132396863
tasks,2.147,673.7757132396863
tasks,2.148,673.7757132396863
tasks,2.149,673.7757132396863
tasks,3.0,9.402195062705445
tasks,3.1,22.876494782246578
tasks,3.2,36.60156351338152
tasks,3.3,49.04412658406748
tasks,3.4,58.14370642125307
tasks,3.5,68.66184286023491
tasks,3.6,79.22668253572512
tasks,3.7,88.90574577318425
tasks,3.8,98.38243321277005
tasks,3.9,109.79686417598329
tasks,3.10,119.36441507532817
tasks,3.11,128.32259474179796
tasks,3.12,136.71214078099493
tasks,3.13,147.26834052114063
tasks,3.14,155.83862433075873
tasks,3.15,164.38783518981916
tasks,3.16,173.529183853443
tasks,3.17,183.33171895609746
tasks,3.18,189.74897898954774
tasks,3.19,198.37495057421387
tasks,3.20,206.42191069940233
tasks,3.21,213.97826876035504
tasks,3.22,222.10067528085636
tasks,3.23,230.71432220594642
tasks,3.24,236.66357871221012
tasks,3.25,244.9058486736904
tasks,3.26,249.88386286932555
tasks,3.27,255.70243764304973
tasks,3.28,262.22987920684653
tasks,3.29,269.1158104998611
tasks,3.30,273.3861027078011
tasks,3.31,280.31325863743325
tasks,3.32,285.78102959707905
tasks,3.33,291.3001667644538
tasks,3.34,296.58759913488404
tasks,3.35,302.2136547781632
tasks,3.36,307.3471933092117
tasks,3.37,310.3671446099189
tasks,3.38,316.18506509958615
tasks,3.39,321.58097020707305
tasks,3.40,326.7863735356687
tasks,3.41,331.72962451227136
tasks,3.42,338.51184426632966
tasks,3.43,342.20572111899276
tasks,3.44,347.1334790037938
tasks,3.45,350.3735793399684
tasks,3.46,354.3885726469253
tasks,3.47,357.6456104482076
tasks,3.48,361.0925735535259
tasks,3.49,362.0561552993869
tasks,3.50,366.9156887776829
tasks,3.51,370.9236834733242
tasks,3.52,374.0425041711168
tasks,3.53,378.6295133403469
tasks,3.54,383.9555414434101
tasks,3.55,386.8971065263259
tasks,3.56,390.3654309834778
tasks,3.57,394.48972852405535
tasks,3.58,396.2023364038276
tasks,3.59,398.54813060591374
tasks,3.60,401.19045684607477
tasks,3.61,405.5344935213565
tasks,3.62,408.1675188616426
tasks,3.63,411.6288829051401
tasks,3.64,415.33095061430487
tasks,3.65,417.90695392175803
tasks,3.66,420.3327959522604
tasks,3.67,422.1457376016244
tasks,3.68,422.77521098272604
tasks,3.69,424.9115591674786
tasks,3.70,426.9114396761604
tasks,3.71,426.9114396761604
tasks,3.72,431.1574607282711
tasks,3.73,435.62427288324636
tasks,3.74,436.3530017764136
tasks,3.75,439.0257852431023
tasks,3.76,442.4849954180693
tasks,3.77,442.4849954180693
tasks,3.78,443.0927134396973
tasks,3.79,447.45258153809414
tasks,3.80,450.4601375096206
tasks,3.81,451.55672837890626
tasks,3.82,455.59568349351065
tasks,3.83,455.9505998399317
tasks,3.84,455.9505998399317
tasks,3.85,455.9505998399317
tasks,3.86,457.9652943232663
tasks,3.87,459.1837465202401
tasks,3.88,462.01602042323736
tasks,3.89,465.2480220424524
tasks,3.90,467.00682638479043
tasks,3.91,470.0879719445469
tasks,3.92,472.95509107197825
tasks,3.93,474.3325495467174
tasks,3.94,475.433920428233
tasks,3.95,477.6543183152055
tasks,3.96,477.6543183152055
tasks,3.97,477.6543183152055
tasks,3.98,477.6543183152055
tasks,3.99,477.6543183152055
tasks,3.100,477.6543183152055
tasks,3.101,480.17022499738897
tasks,3.102,482.5708828135813
tasks,3.103,484.7524494543084
tasks,3.104,485.60726464176577
tasks,3.105,487.60515948650874
tasks,3.106,488.527912054211
tasks,3.107,488.527912054211
tasks,3.108,488.527912054211
tasks,3.109,488.527912054211
tasks,3.110,488.527912054211
tasks,3.111,488.527912054211
tasks,3.112,490.19665767960146
tasks,3.113,492.53000489023543
tasks,3.114,494.2915840023242
tasks,3.115,496.3429125779432
tasks,3.116,497.7845838188218
tasks,3.117,497.7845838188218
tasks,3.118,497.7845838188218
tasks,3.119,497.7845838188218
tasks,3.120,497.7845838188218
tasks,3.121,498.0531080901472
tasks,3.122,498.41182120809475
tasks,3.123,498.68750322388996
tasks,3.124,502.202724410017
tasks,3.125,502.202724410017
tasks,3.126,502.97156267288744
tasks,3.127,504.0700833456859
tasks,3.128,506.0063194266647
tasks,3.129,506.0063194266647
tasks,3.130,506.0063194266647
tasks,3.131,507.53962243442606
tasks,3.132,508.98143290696817
tasks,3.133,508.98143290696817
tasks,3.134,509.72666741894074
tasks,3.135,509.72666741894074
tasks,3.136,509.72666741894074
tasks,3.137,509.72666741894074
tasks,3.138,509.72666741894074
tasks,3.139,509.72666741894074
tasks,3.140,509.72666741894074
tasks,3.141,509.72666741894074
tasks,3.142,509.72666741894074
tasks,3.143,509.94903512797924
tasks,3.144,510.43096993516474
tasks,3.145,513.0241311377199
tasks,3.146,513.6911939230516
tasks,3.147,513.6911939230516
tasks,3.148,513.6911939230516
tasks,3.149,513.6911939230516
states,0.0,542.2327539087368
states,0.1,936.1559686319101
states,0.2,1373.5986138406106
states,0.3,1858.051996497343
states,0.4,2427.427178430353
states,0.5,2902.243286988614
states,0.6,3424.0587542972094
states,0.7,3813.579162134377
states,0.8,4306.200212876187
states,0.9,4778.920767467175
states,0.10,5343.85985246761
states,0.11,5771.999534300803
states,0.12,6413.604913366804
states,0.13,6754.264178256743
states,0.14,7205.4414231483615
states,0.15,7873.092194652708
states,0.16,8442.57837324225
states,0.17,9018.561354757727
states,0.18,9548.881709088462
states,0.19,10226.574216945233
states,0.20,10569.339085947086
states,0.21,10940.917643070376
states,0.22,11162.345421977392
states,0.23,11560.334648740927
states,0.24,11744.024561003667
states,0.25,12142.289960987731
states,0.26,12495.684355449079
states,0.27,13078.058019513242
states,0.28,13518.416918863017
states,0.29,13976.070104720538
states,0.30,14234.515361880598
states,0.31,14721.87585455621
states,0.32,15127.958813743819
states,0.33,15493.308546338161
states,0.34,15994.59582946892
states,0.35,16567.46621159451
states,0.36,16944.949457808703
states,0.37,17293.497164984496
states,0.38,17802.91597700982
states,0.39,18163.443445584537
states,0.40,18356.034890282237
states,0.41,18743.889862536646
states,0.42,19066.481675142695
states,0.43,19366.53735971838
states,0.44,19715.2001580155
states,0.45,20285.760259974133
states,0.46,20622.570893613676
states,0.47,20914.533693666654
states,0.48,21200.5052126887
states,0.49,21566.21069173544
states,0.50,21739.31566160094
states,0.51,22183.017963489765
states,0.52,22765.53113449095
states,0.53,23178.841859958517
states,0.54,23374.04169723864
states,0.55,23822.27508136726
states,0.56,24080.776752575945
states,0.57,24232.83839546868
states,0.58,24606.12529843646
states,0.59,24979.859537763867
states,0.60,25308.379330841683
states,0.61,25871.477646734285
states,0.62,26145.755060240237
states,0.63,26439.867504728158
states,0.64,26908.81811309558
states,0.65,27174.48599868658
states,0.66,27353.364892500023
states,0.67,27599.781600914044
states,0.68,27847.88632943723
states,0.69,28119.361474661644
states,0.70,28455.082359561016
states,0.71,28667.168298513665
states,0.72,29233.480390003406
states,0.73,29640.673726548914
states,0.74,29873.343097793357
states,0.75,29910.50237169529
states,0.76,30365.927982306428
states,0.77,30642.091602694865
states,0.78,30801.103467081233
states,0.79,31208.21499616634
states,0.80,31861.493088223757
states,0.81,31976.520803708372
states,0.82,32016.65525971872
states,0.83,32365.125726488273
states,0.84,32639.391030328617
states,0.85,32639.391030328617
states,0.86,32982.405039662386
states,0.87,33270.186972324635
states,0.88,33600.48887601513
states,0.89,33784.39924943483
states,0.90,34095.203908683136
states,0.91,34415.229524366376
states,0.92,34587.29361408257
states,0.93,34830.773811750616
states,0.94,35017.36938271813
states,0.95,35479.12541282198
states,0.96,35479.12541282198
states,0.97,35693.50747040536
states,0.98,35777.897114251566
states,0.99,35950.0935251835
states,0.100,36111.569998099105
states,0.101,36481.54702887908
states,0.102,36717.04396360182
states,0.103,36985.30873307369
states,0.104,37432.25846170385
states,0.105,37561.55361686631
states,0.106,37855.90810010686
states,0.107,37991.71610460885
states,0.108,38245.06841587573
states,0.109,38390.62044076221
states,0.110,38860.13446538993
states,0.111,39283.88709461998
states,0.112,39644.787283899066
states,0.113,39692.2459059381
states,0.114,39832.84123954394
states,0.115,39862.452945249475
states,0.116,39915.96072415598
states,0.117,40082.17078181918
states,0.118,40301.70330703304
states,0.119,40540.154293394844
states,0.120,40706.271869168864
states,0.121,40887.79421919986
states,0.122,41058.24254792731
states,0.123,41430.62381542722
states,0.124,41438.88707849243
states,0.125,41546.42862305268
states,0.126,41675.170426822886
states,0.127,41858.25472624137
states,0.128,42135.156329204256
states,0.129,42606.66186634813
states,0.130,42732.28662609027
states,0.131,42943.11461344277
states,0.132,43189.334324950796
states,0.133,43189.334324950796
states,0.134,43189.334324950796
states,0.135,43349.614133081275
states,0.136,43463.798793713664
states,0.137,43633.49095894137
states,0.138,43897.79394975853
states,0.139,43963.89440071173
states,0.140,44159.49603997693
states,0.141,44302.556416966894
states,0.142,44428.41959960343
states,0.143,44594.248686243656
states,0.144,44923.81724764476
states,0.145,45205.777114782446
states,0.146,45397.52459697558
states,0.147,45607.65013330278
states,0.148,45845.702728275995
states,0.149,46051.364129600435
states,1.0,1426.8347415356159
states,1.1,2854.5271648666003
states,1.2,4473.685838681005
states,1.3,6012.284659226411
states,1.4,7267.156796844118
states,1.5,8643.073314847506
states,1.6,10277.653017601322
states,1.7,11593.373125408374
states,1.8,12940.150445379722
states,1.9,14145.787267117441
states,1.10,15441.093228744883
states,1.11,16803.369747774075
states,1.12,18094.17169860952
states,1.13,19192.84965685144
states,1.14,20444.36095580721
states,1.15,21500.87104466124
states,1.16,22369.79504412944
states,1.17,23318.938798600648
states,1.18,24588.785184565906
states,1.19,25939.53791057653
states,1.20,26974.366623461356
states,1.21,28166.08127359663
states,1.22,29273.898910003485
states,1.23,30131.61804018108
states,1.24,31021.63939531236
states,1.25,32044.157063134244
states,1.26,32622.164497983333
states,1.27,33338.725225331786
states,1.28,34338.15595326347
states,1.29,34984.78132079668
states,1.30,35880.50282916226
states,1.31,36899.93405555429
states,1.32,37778.94630378092
states,1.33,38611.659126813356
states,1.34,39582.60618457009
states,1.35,40287.63923720978
states,1.36,40987.348146870674
states,1.37,41928.66419152617
states,1.38,42522.27275968466
states,1.39,43003.376170545256
states,1.40,43866.64031753965
states,1.41,44664.05789970783
states,1.42,45029.13965097168
states,1.43,45568.03837899346
states,1.44,46577.215387248805
states,1.45,47157.44711912742
states,1.46,47526.36133472378
states,1.47,48257.11503094788
states,1.48,48805.152554127475
states,1.49,49038.21819019646
states,1.50,49386.93532075566
states,1.51,49860.959992663426
states,1.52,50428.77042028632
states,1.53,51098.55471922844
states,1.54,51748.951496580936
states,1.55,52559.89549382439
states,1.56,53013.23330692202
states,1.57,53663.975460262336
states,1.58,54018.07660558899
states,1.59,54438.2273345131
states,1.60,54746.25234825154
states,1.61,55420.7964788107
states,1.62,55579.87099084263
states,1.63,56161.15889921989
states,1.64,56800.364660711304
states,1.65,57161.927673359736
states,1.66,57666.67850305448
states,1.67,58099.69278325837
states,1.68,58339.309036290426
states,1.69,58668.87111419751
states,1.70,59016.72315808026
states,1.71,59332.11486922948
states,1.72,59824.857409523036
states,1.73,60128.74580734138
states,1.74,60256.63287266247
states,1.75,60902.001325733174
states,1.76,61222.10737329902
states,1.77,61536.73427130096
states,1.78,62085.413654401855
states,1.79,62519.9485608581
states,1.80,62607.66179623705
states,1.81,63078.95850821455
states,1.82,63551.86858070833
states,1.83,63634.43035847491
states,1.84,63804.135632481426
states,1.85,64167.695333373944
states,1.86,64543.4428273423
states,1.87,64836.18596755847
states,1.88,65238.81422627488
states,1.89,65657.42375318584
states,1.90,65748.73261126562
states,1.91,65748.73261126562
states,1.92,65770.7295078887
states,1.93,65999.40676929675
states,1.94,66102.21412324217
states,1.95,66318.61506249479
states,1.96,66634.82371192132
states,1.97,67114.02908112557
states,1.98,67456.82851093356
states,1.99,67855.00109360443
states,1.100,68280.54192880914
states,1.101,68280.54192880914
states,1.102,68280.54192880914
states,1.103,68336.96313601323
states,1.104,68421.45833692129
states,1.105,68595.14703340849
states,1.106,68904.19888658533
states,1.107,69330.70151323374
states,1.108,69551.45352355888
states,1.109,69747.66953915248
states,1.110,69747.66953915248
states,1.111,69932.57498600055
states,1.112,69932.57498600055
states,1.113,69932.57498600055
states,1.114,70061.1892798503
states,1.115,70415.57122303777
states,1.116,70513.29309095908
states,1.117,70545.38078542704
states,1.118,70753.58667974
states,1.119,70884.5790796745
states,1.120,70990.78131381195
states,1.121,71140.79676011694
states,1.122,71337.30373403223
states,1.123,71337.30373403223
states,1.124,71389.37004687045
states,1.125,71630.6783993201
states,1.126,71804.76125898701
states,1.127,71893.36383896915
states,1.128,72343.65489295493
states,1.129,72658.2812468687
states,1.130,72663.86134351674
states,1.131,72791.75475492011
states,1.132,73028.92739846626
states,1.133,73028.92739846626
states,1.134,73028.92739846626
states,1.135,73108.6069465934
states,1.136,73147.14675248186
states,1.137,73147.14675248186
states,1.138,73325.18360736506
states,1.139,73496.33967413595
states,1.140,73496.33967413595
states,1.141,73496.33967413595
states,1.142,73496.33967413595
states,1.143,73496.33967413595
states,1.144,73496.33967413595
states,1.145,73496.33967413595
states,1.146,73775.9823818767
states,1.147,73944.10092563466
states,1.148,73944.10092563466
states,1.149,74058.30572634724
states,2.0,638.8402842332621
states,2.1,1241.7664884309377
states,2.2,1780.550022707754
states,2.3,2391.237984533825
states,2.4,3022.3295305578276
states,2.5,3674.3434547851803
states,2.6,4317.608457105702
states,2.7,4972.986568421854
states,2.8,5343.2787149903115
states,2.9,5736.862495612979
states,2.10,6201.938161499463
states,2.11,6595.01786802004
states,2.12,7117.980711044867
states,2.13,7780.457892910216
states,2.14,8256.613248852085
states,2.15,8678.538541897608
states,2.16,9163.548630994224
states,2.17,9773.043852471968
states,2.18,10339.918087405978
states,2.19,10981.16599569671
states,2.20,11473.879185594578
states,2.21,12087.500263343569
states,2.22,12320.080002808669
states,2.23,12650.651933321647
states,2.24,12992.645968891753
states,2.25,13517.985097584076
states,2.26,13758.057145325325
states,2.27,14097.80731367011
states,2.28,14667.277561636325
states,2.29,15128.707292955582
states,2.30,15481.017795040641
states,2.31,16074.668335483302
states,2.32,16547.573540355697
states,2.33,16924.79840708683
states,2.34,17332.03830331897
states,2.35,17777.421009481313
states,2.36,18242.242097408252
states,2.37,18778.431920866733
states,2.38,19259.085772915787
states,2.39,19649.039083718526
states,2.40,20040.73987420527
states,2.41,20492.679861909353
states,2.42,20865.064258177827
states,2.43,21280.183880797995
states,2.44,21591.306293858248
states,2.45,21957.590787791993
states,2.46,22274.569969593143
states,2.47,22720.108030120777
states,2.48,22985.29170830513
states,2.49,23369.67309167052
states,2.50,23871.279687386752
states,2.51,24240.293774976366
states,2.52,24580.960909878784
states,2.53,24885.480272985955
states,2.54,25382.111235510634
states,2.55,25661.860353575317
states,2.56,25940.02250692686
states,2.57,26365.900205775746
states,2.58,26521.50753024229
states,2.59,26698.44918953436
states,2.60,27018.454338756015
states,2.61,27368.30120858371
states,2.62,27564.152505936807
states,2.63,28136.704738086093
states,2.64,28604.49888623131
states,2.65,29054.58078222862
states,2.66,29496.337723568828
states,2.67,29819.058120823116
states,2.68,30301.465087872573
states,2.69,30494.28390756125
states,2.70,30749.99097310958
states,2.71,30802.466421353507
states,2.72,31315.938915561484
states,2.73,31610.607344699332
states,2.74,32088.98074900246
states,2.75,32359.519390007117
states,2.76,32862.08727332878
states,2.77,32989.05054328924
states,2.78,33054.39587143011
states,2.79,33390.0601562111
states,2.80,33713.423402720335
states,2.81,34066.43965387021
states,2.82,34419.47038215995
states,2.83,34943.28271587392
states,2.84,35087.17591133545
states,2.85,35175.14783325069
states,2.86,35251.98612966175
states,2.87,35400.45278797967
states,2.88,35448.999362975155
states,2.89,35913.115438897235
states,2.90,36189.86767514825
states,2.91,36526.70499512019
states,2.92,36822.932996264055
states,2.93,37190.65623964876
states,2.94,37263.779797024225
states,2.95,37681.41444131052
states,2.96,37999.36985197776
states,2.97,38370.16858269149
states,2.98,38578.34969866339
states,2.99,38812.731255765255
states,2.100,38997.6754580903
states,2.101,39105.54042374377
states,2.102,39257.78752986233
states,2.103,39378.83397138964
states,2.104,39463.305023889225
states,2.105,39857.18018463767
states,2.106,40269.23200380226
states,2.107,40609.58910635003
states,2.108,41079.211335691274
states,2.109,41662.21850155846
states,2.110,41879.436220836236
states,2.111,42077.08839005564
states,2.112,42154.92605618143
states,2.113,42413.41813344435
states,2.114,42544.048495885676
states,2.115,42647.34758730617
states,2.116,42848.73836648697
states,2.117,43018.35189755598
states,2.118,43116.47682807531
states,2.119,43278.4280356094
states,2.120,43354.13680436354
states,2.121,43498.768669240475
states,2.122,43635.4376579288
states,2.123,43759.85326066093
states,2.124,43965.05081306319
states,2.125,44488.338412090154
states,2.126,44729.2510050843
states,2.127,45207.92900162664
states,2.128,45261.04821186616
states,2.129,45620.42158037874
states,2.130,45620.42158037874
states,2.131,45796.20073364984
states,2.132,45938.21541809153
states,2.133,46347.954847159126
states,2.134,46352.19698859417
states,2.135,46620.58500486454
states,2.136,46671.452100590526
states,2.137,46830.95526896526
states,2.138,46951.52439259379
states,2.139,47310.30572940218
states,2.140,47416.893510462374
states,2.141,47733.82046032912
states,2.142,47965.53955006571
states,2.143,48276.553618011974
states,2.144,48323.500923579995
states,2.145,48579.30284034248
states,2.146,48755.088453230266
states,2.147,48945.83283472584
states,2.148,49124.62905374453
states,2.149,49369.41873311052
states,3.0,485.84628088418515
states,3.1,1337.7301773398926
states,3.2,2220.3618660171987
states,3.3,2937.193206829682
states,3.4,3646.2785917888764
states,3.5,4496.014396163711
states,3.6,5046.08809686965
states,3.7,5558.967254918083
states,3.8,6212.8711461006
states,3.9,6725.326496534236
states,3.10,7241.135757825928
states,3.11,7842.27417127917
states,3.12,8449.712181470013
states,3.13,9091.166904810618
states,3.14,9557.68981873459
states,3.15,10149.503483947703
states,3.16,10924.519858758433
states,3.17,11602.846033190363
states,3.18,12099.85910981325
states,3.19,12856.477670954557
states,3.20,13247.439774800872
states,3.21,13512.066149957489
states,3.22,13864.760640587767
states,3.23,14356.73088465996
states,3.24,14753.328339572983
states,3.25,15393.271202210271
states,3.26,16027.564427748535
states,3.27,16573.861829307745
states,3.28,17052.848911861936
states,3.29,17522.398677383986
states,3.30,17845.757401527597
states,3.31,18206.05675190873
states,3.32,18683.511389927055
states,3.33,19085.53260107737
states,3.34,19414.320787113087
states,3.35,19786.392791134604
states,3.36,20172.17720664737
states,3.37,20537.964724887675
states,3.38,20863.476560616553
states,3.39,21377.31049425939
states,3.40,21723.520662446303
states,3.41,22031.253326648188
states,3.42,22368.879861566395
states,3.43,22963.418332411606
states,3.44,23140.532923140014
states,3.45,23473.663971626534
states,3.46,23839.874186558085
states,3.47,24176.461021283125
states,3.48,24426.51095530994
states,3.49,24939.446486152894
states,3.50,25389.324781544692
states,3.51,25712.46737345601
states,3.52,25944.65334427438
states,3.53,26244.859402729795
states,3.54,26444.93353595042
states,3.55,26652.70630651719
states,3.56,26959.78760362781
states,3.57,27303.69923338973
states,3.58,27536.935444186638
states,3.59,27956.653396136266
states,3.60,28258.471940795935
states,3.61,28521.554383215356
states,3.62,28795.605782999275
states,3.63,28981.39557195268
states,3.64,29051.75367814281
states,3.65,29347.673735325196
states,3.66,29563.386628999
states,3.67,29867.096261148203
states,3.68,30225.419132463398
states,3.69,30627.530193843482
states,3.70,30938.17028207789
states,3.71,31360.818064078936
states,3.72,31462.072005219958
states,3.73,31628.301068713834
states,3.74,31752.340290584536
states,3.75,31902.02355059172
states,3.76,32001.625937689492
states,3.77,32348.78250695054
states,3.78,32490.101168297093
states,3.79,32614.875714966292
states,3.80,32810.65998660019
states,3.81,33033.67765246599
states,3.82,33222.04642975665
states,3.83,33458.95965340054
states,3.84,33748.70791318541
states,3.85,34094.33685939995
states,3.86,34266.939998447975
states,3.87,34266.939998447975
states,3.88,34402.22751435204
states,3.89,34626.02494676595
states,3.90,34626.02494676595
states,3.91,34789.87869653626
states,3.92,35111.314812459146
states,3.93,35215.19341791674
states,3.94,35272.79025194361
states,3.95,35477.04630710543
states,3.96,35560.73286622401
states,3.97,35611.09139719114
states,3.98,35832.906054683284
states,3.99,35978.471567650755
states,3.100,36147.92989006848
states,3.101,36330.18171880069
states,3.102,36546.855620526825
states,3.103,36727.592032227
states,3.104,36917.84681805276
states,3.105,36971.39049977199
states,3.106,37143.57210374281
states,3.107,37365.3868032338
states,3.108,37493.91979611696
states,3.109,37536.23965186424
states,3.110,37663.069983039946
states,3.111,37672.13348100367
states,3.112,37672.13348100367
states,3.113,37762.15236969989
states,3.114,37977.02033170843
states,3.115,38009.623429594554
states,3.116,38088.00203748649
states,3.117,38139.11256707147
states,3.118,38164.823264681756
states,3.119,38164.823264681756
states,3.120,38347.27484566255
states,3.121,38538.2613685443
states,3.122,38830.38670071195
states,3.123,39028.93328137131
states,3.124,39069.37154441317
states,3.125,39217.43585932883
states,3.126,39217.43585932883
states,3.127,39217.43585932883
states,3.128,39217.43585932883
states,3.129,39375.181256009
states,3.130,39375.181256009
states,3.131,39650.45121894245
states,3.132,39751.31536984465
states,3.133,39828.1987690603
states,3.134,39851.34323608458
states,3.135,40046.14245969218
states,3.136,40046.14245969218
states,3.137,40082.887535953836
states,3.138,40279.327559033256
states,3.139,40279.327559033256
states,3.140,40279.327559033256
states,3.141,40495.77400538025
states,3.142,40533.56588381999
states,3.143,40533.56588381999
states,3.144,40553.04914538577
states,3.145,40667.97220196434
states,3.146,40701.28748006443
states,3.147,40730.554259126904
states,3.148,40869.38537519532
states,3.149,40954.511061478464
learning,0.0.0,0.02891753583274715
learning,0.0.1,0.003257179123993436
learning,0.0.2,0.03733534375895446
learning,0.0.3,0.009985677479556187
learning,0.0.4,0.0241354520910975
learning,0.0.5,0.05037364525643484
learning,0.0.6,0.0893097739485223
learning,0.0.7,0.032863213436927184
learning,0.0.8,0.04294208156680383
learning,0.0.9,0.05881795728345986
learning,0.0.10,0.07727940534569748
learning,0.0.11,0.046656974603951885
learning,0.0.12,0.04384213257554503
learning,0.0.13,0.05305810103433377
learning,0.0.14,0.05625334038563647
learning,0.0.15,0.03904838051428898
learning,0.0.16,0.06266110897825303
learning,0.0.17,0.09679759427429908
learning,0.0.18,0.126287375422665
learning,0.0.19,0.15125501120127752
learning,0.0.20,0.19375056760421328
learning,0.0.21,0.22864007673551212
learning,0.0.22,0.22465869082891343
learning,0.0.23,0.2449324923921034
learning,0.0.24,0.2719844512516
learning,0.0.25,0.26403812254621695
learning,0.0.26,0.2580066077368425
learning,0.0.27,0.28749431831494193
learning,0.0.28,0.2953592954114081
learning,0.0.29,0.2750936101799888
learning,0.0.30,0.28820323130474396
learning,0.0.31,0.3024071303663071
learning,0.0.32,0.2896294012335727
learning,0.0.33,0.2696290697980199
learning,0.0.34,0.2769703099451129
learning,0.0.35,0.2568753863527352
learning,0.0.36,0.24910774482913575
learning,0.0.37,0.2466802566398758
learning,0.0.38,0.24770901991116856
learning,0.0.39,0.25052581821062936
learning,0.0.40,0.2545323455038673
learning,0.0.41,0.24771748621731374
learning,0.0.42,0.2711709434188369
learning,0.0.43,0.2951408692326998
learning,0.0.44,0.27714485401436556
learning,0.0.45,0.2996776129746494
learning,0.0.46,0.3004803729193306
learning,0.0.47,0.30596590743759344
learning,0.0.48,0.3298427247134312
learning,0.0.49,0.3607976847921969
learning,0.0.50,0.3639967649919318
learning,0.0.51,0.36696030216757314
learning,0.0.52,0.3873675197747831
learning,0.0.53,0.3566069593724643
learning,0.0.54,0.35384923762252496
learning,0.0.55,0.35318978186568173
learning,0.0.56,0.3693507897605621
learning,0.0.57,0.36618978284936166
learning,0.0.58,0.3915412878356916
learning,0.0.59,0.38908069127253425
learning,0.0.60,0.39802871816922486
learning,0.0.61,0.42732469445607607
learning,0.0.62,0.44680567999549464
learning,0.0.63,0.4471108729206373
learning,0.0.64,0.42766545130802425
learning,0.0.65,0.4242996285349967
learning,0.0.66,0.4237635738993336
learning,0.0.67,0.38895956816229205
learning,0.0.68,0.4032291328428527
learning,0.0.69,0.4218393025913674
learning,0.0.70,0.4215445595130127
learning,0.0.71,0.39084593450897476
learning,0.0.72,0.4074268633585138
learning,0.0.73,0.4032879049302046
learning,0.0.74,0.41293805494089075
learning,0.0.75,0.4324187989498284
learning,0.0.76,0.4802970782670215
learning,0.0.77,0.4739750202015991
learning,0.0.78,0.45422349811600066
learning,0.0.79,0.48196685865203187
learning,0.0.80,0.5087917662469378
learning,0.0.81,0.49603581948718833
learning,0.0.82,0.4914180793340745
learning,0.0.83,0.4821086161217402
learning,0.0.84,0.492852133589776
learning,0.0.85,0.45425131812139796
learning,0.0.86,0.4637731436686618
learning,0.0.87,0.48728138858674525
learning,0.0.88,0.5191637805486793
learning,0.0.89,0.46007725389258153
learning,0.0.90,0.4739766285238335
learning,0.0.91,0.46556960267259395
learning,0.0.92,0.4344837347794696
learning,0.0.93,0.43665333502219644
learning,0.0.94,0.4590370192496061
learning,0.0.95,0.4414064273274184
learning,0.0.96,0.4150917710665461
learning,0.0.97,0.46965436504841057
learning,0.0.98,0.4814849790594746
learning,0.0.99,0.5022096884113656
learning,0.0.100,0.5108025995423103
learning,0.0.101,0.5187071200977447
learning,0.0.102,0.4813960926827877
learning,0.0.103,0.49168565729194913
learning,0.0.104,0.48889932927886837
learning,0.0.105,0.5089991181666632
learning,0.0.106,0.5430669626939209
learning,0.0.107,0.5768196433088886
learning,0.0.108,0.559117076198718
learning,0.0.109,0.5455657605406522
learning,0.0.110,0.5401069077923525
learning,0.0.111,0.5213535451173614
learning,0.0.112,0.4973348364089718
learning,0.0.113,0.5039153359932532
learning,0.0.114,0.5485441134830562
learning,0.0.115,0.5510424492051904
learning,0.0.116,0.5647077318296296
learning,0.0.117,0.6041553093063139
learning,0.0.118,0.6294901213329683
learning,0.0.119,0.633853961696677
learning,0.0.120,0.6607472537732239
learning,0.0.121,0.6845904624327196
learning,0.0.122,0.6593952189506398
learning,0.0.123,0.6243740004151123
learning,0.0.124,0.5845982294096255
learning,0.0.125,0.5678589337610866
learning,0.0.126,0.5437953118617879
learning,0.0.127,0.5667368306128618
learning,0.0.128,0.5691750062406374
learning,0.0.129,0.5784076832915347
learning,0.0.130,0.5691786349242867
learning,0.0.131,0.5900691057927328
learning,0.0.132,0.5769416810104235
learning,0.0.133,0.5813120933157963
learning,0.0.134,0.6019132415469758
learning,0.0.135,0.6168446014229978
learning,0.0.136,0.6171153706538944
learning,0.0.137,0.6080610322679707
learning,0.0.138,0.6058812399020816
learning,0.0.139,0.6032862944895017
learning,0.0.140,0.5988485067209914
learning,0.0.141,0.5691260396782406
learning,0.0.142,0.6095995279477137
learning,0.0.143,0.6324974161433995
learning,0.0.144,0.6376502894729164
learning,0.0.145,0.6260814978677998
learning,0.0.146,0.6339382488972236
learning,0.0.147,0.6309802833079806
learning,0.0.148,0.6498563135553042
learning,0.0.149,0.6764646439345261
learning,0.1.0,0.0
learning,0.1.1,0.0
learning,0.1.2,0.0011198651525784198
learning,0.1.3,0.039832221347867236
learning,0.1.4,0.06837253231746691
learning,0.1.5,0.080375134967958
learning,0.1.6,0.1035857553900391
learning,0.1.7,0.10989553926478934
learning,0.1.8,0.10943926989189302
learning,0.1.9,0.12790810016364135
learning,0.1.10,0.14746960313806462
learning,0.1.11,0.16348181602359882
learning,0.1.12,0.1963220524472517
learning,0.1.13,0.2276420257985951
learning,0.1.14,0.22378201502264178
learning,0.1.15,0.24141387088268185
learning,0.1.16,0.25056348510012405
learning,0.1.17,0.2552423619297894
learning,0.1.18,0.2480444457891337
learning,0.1.19,0.2601953009652017
learning,0.1.20,0.28902433536814115
learning,0.1.21,0.3078724864540812
learning,0.1.22,0.321786394859064
learning,0.1.23,0.3757834356630053
learning,0.1.24,0.40632016528450404
learning,0.1.25,0.4068988137814985
learning,0.1.26,0.4173646240982213
learning,0.1.27,0.43024536075228403
learning,0.1.28,0.41830513133913383
learning,0.1.29,0.42344378467324406
learning,0.1.30,0.4325456170593652
learning,0.1.31,0.44942617863457857
learning,0.1.32,0.4653414247171427
learning,0.1.33,0.46907767297723796
learning,0.1.34,0.4554973383290506
learning,0.1.35,0.46006768533298
learning,0.1.36,0.46037032452347126
learning,0.1.37,0.44612548769836036
learning,0.1.38,0.45475756978929965
learning,0.1.39,0.4753575798030171
learning,0.1.40,0.4687157523446701
learning,0.1.41,0.4776508339530114
learning,0.1.42,0.498169791561569
learning,0.1.43,0.5084687162235163
learning,0.1.44,0.536322999104501
learning,0.1.45,0.5837804219187986
learning,0.1.46,0.5876712587304922
learning,0.1.47,0.5887360772222053
learning,0.1.48,0.6099482644652997
learning,0.1.49,0.603144220979362
learning,0.1.50,0.5675305249742597
learning,0.1.51,0.5734077494032276
learning,0.1.52,0.6000814924256277
learning,0.1.53,0.6019272689981214
learning,0.1.54,0.6258464165517784
learning,0.1.55,0.6447866243990855
learning,0.1.56,0.6443955741553712
learning,0.1.57,0.6407629941611792
learning,0.1.58,0.6279954953640894
learning,0.1.59,0.624271804312619
learning,0.1.60,0.6253878418880335
learning,0.1.61,0.6383877755434708
learning,0.1.62,0.6235519766535847
learning,0.1.63,0.6376254458714311
learning,0.1.64,0.6432169753067869
learning,0.1.65,0.6500366471808691
learning,0.1.66,0.6562981215088389
learning,0.1.67,0.6654046043544807
learning,0.1.68,0.6703300847803403
learning,0.1.69,0.6649596914036922
learning,0.1.70,0.6671404199903845
learning,0.1.71,0.6767360811391007
learning,0.1.72,0.694635224503663
learning,0.1.73,0.6876473685134121
learning,0.1.74,0.6850685382892813
learning,0.1.75,0.6911506759873696
learning,0.1.76,0.6850004809187581
learning,0.1.77,0.6886300616474457
learning,0.1.78,0.7096289928493289
learning,0.1.79,0.7162504271931747
learning,0.1.80,0.7102268229638339
learning,0.1.81,0.7058321199454709
learning,0.1.82,0.6973138460924756
learning,0.1.83,0.6756791975925525
learning,0.1.84,0.6839083389375994
learning,0.1.85,0.7056165996202636
learning,0.1.86,0.7204920944711499
learning,0.1.87,0.7505252424234357
learning,0.1.88,0.7502699507830539
learning,0.1.89,0.7402465327046469
learning,0.1.90,0.7569163651335884
learning,0.1.91,0.7450761840827009
learning,0.1.92,0.7358665900173795
learning,0.1.93,0.7773100425749642
learning,0.1.94,0.7963509000036811
learning,0.1.95,0.7816205495365705
learning,0.1.96,0.7941896268726835
learning,0.1.97,0.7912485695823587
learning,0.1.98,0.7748526263796434
learning,0.1.99,0.7635983776983478
learning,0.1.100,0.7689097425430991
learning,0.1.101,0.7599450323327713
learning,0.1.102,0.7527138938770804
learning,0.1.103,0.7678434735380119
learning,0.1.104,0.7745841407261814
learning,0.1.105,0.77655694475155
learning,0.1.106,0.7968699277920026
learning,0.1.107,0.8102850011868213
learning,0.1.108,0.8163381893714178
learning,0.1.109,0.8260521559232032
learning,0.1.110,0.8178740248466552
learning,0.1.111,0.8063604877489715
learning,0.1.112,0.8176982061275639
learning,0.1.113,0.814035951737041
learning,0.1.114,0.8077400009066225
learning,0.1.115,0.8171960644103933
learning,0.1.116,0.841686193514501
learning,0.1.117,0.8185536205169244
learning,0.1.118,0.8045145474550112
learning,0.1.119,0.8138365893470254
learning,0.1.120,0.8150133164090008
learning,0.1.121,0.7947742403385832
learning,0.1.122,0.8113919840375203
learning,0.1.123,0.8165255586457146
learning,0.1.124,0.8214537077177105
learning,0.1.125,0.8428949222867538
learning,0.1.126,0.8416191100979382
learning,0.1.127,0.8269486777893638
learning,0.1.128,0.8269522911877025
learning,0.1.129,0.8100741456364566
learning,0.1.130,0.8136040279661692
learning,0.1.131,0.8462797149446329
learning,0.1.132,0.8742053978780618
learning,0.1.133,0.8874284087073132
learning,0.1.134,0.9155326581205475
learning,0.1.135,0.8801542104258746
learning,0.1.136,0.8590440900914247
learning,0.1.137,0.8327810817582989
learning,0.1.138,0.8202784024622971
learning,0.1.139,0.8065381648376972
learning,0.1.140,0.8296422096263345
learning,0.1.141,0.8362748448684175
learning,0.1.142,0.8673714634706746
learning,0.1.143,0.8594173084021792
learning,0.1.144,0.8672547332799254
learning,0.1.145,0.8618312720368903
learning,0.1.146,0.8674803952111728
learning,0.1.147,0.8505513853338055
learning,0.1.148,0.8624488132652128
learning,0.1.149,0.853479308534206
learning,0.2.0,0.04943515501218171
learning,0.2.1,0.04913157391342844
learning,0.2.2,0.08342653828939046
learning,0.2.3,0.1254580781000612
learning,0.2.4,0.1429781088928358
learning,0.2.5,0.153797279971899
learning,0.2.6,0.17116058056210723
learning,0.2.7,0.20520379669016076
learning,0.2.8,0.2302438674083273
learning,0.2.9,0.26006699868646593
learning,0.2.10,0.2753637005402537
learning,0.2.11,0.3091005176632275
learning,0.2.12,0.3173027556419715
learning,0.2.13,0.313377627845232
learning,0.2.14,0.3226038628371477
learning,0.2.15,0.3483231035055748
learning,0.2.16,0.3846199417710143
learning,0.2.17,0.39934105024598693
learning,0.2.18,0.41304230393683056
learning,0.2.19,0.4461109793948317
learning,0.2.20,0.4616923278186873
learning,0.2.21,0.4888656676569763
learning,0.2.22,0.5099763079393702
learning,0.2.23,0.5361737172542549
learning,0.2.24,0.5385169151737231
learning,0.2.25,0.5661449275085337
learning,0.2.26,0.5421833037737358
learning,0.2.27,0.5567593398438365
learning,0.2.28,0.580121373360817
learning,0.2.29,0.5896114823472767
learning,0.2.30,0.5874066004747643
learning,0.2.31,0.5935056413628496
learning,0.2.32,0.584459324941164
learning,0.2.33,0.5831716447866783
learning,0.2.34,0.6052264968688934
learning,0.2.35,0.6259347516217048
learning,0.2.36,0.6417132838358603
learning,0.2.37,0.6739251767218881
learning,0.2.38,0.6872641153570972
learning,0.2.39,0.68258836022691
learning,0.2.40,0.6827469386139712
learning,0.2.41,0.7023502234544655
learning,0.2.42,0.6954058534272505
learning,0.2.43,0.6956217569798362
learning,0.2.44,0.7230526639369438
learning,0.2.45,0.7237622683997742
learning,0.2.46,0.7270024218495056
learning,0.2.47,0.7359341332342172
learning,0.2.48,0.7370878183768959
learning,0.2.49,0.7358124258850158
learning,0.2.50,0.7608952972831678
learning,0.2.51,0.7852451344723907
learning,0.2.52,0.7966321790542465
learning,0.2.53,0.8045155068199521
learning,0.2.54,0.8007755024454026
learning,0.2.55,0.7952276914276887
learning,0.2.56,0.7744543722136202
learning,0.2.57,0.8034398913103025
learning,0.2.58,0.8373708606975888
learning,0.2.59,0.8411138052277323
learning,0.2.60,0.8536499097075814
learning,0.2.61,0.8744291648367027
learning,0.2.62,0.8712221640281528
learning,0.2.63,0.8633593464931371
learning,0.2.64,0.8643723477771734
learning,0.2.65,0.8637343924516774
learning,0.2.66,0.8628108173049456
learning,0.2.67,0.8433709976327965
learning,0.2.68,0.8387809895824756
learning,0.2.69,0.8636053197408105
learning,0.2.70,0.87448479834938
learning,0.2.71,0.8807722469977919
learning,0.2.72,0.89705850576025
learning,0.2.73,0.904321536842384
learning,0.2.74,0.9120449226699713
learning,0.2.75,0.9143102904285187
learning,0.2.76,0.9089032479498265
learning,0.2.77,0.9041032329626798
learning,0.2.78,0.9255536944123995
learning,0.2.79,0.924158442046703
learning,0.2.80,0.9063433144676681
learning,0.2.81,0.9260132031766933
learning,0.2.82,0.9473577003597967
learning,0.2.83,0.9324980271924315
learning,0.2.84,0.9259377059056515
learning,0.2.85,0.9499127362608338
learning,0.2.86,0.9347570071245465
learning,0.2.87,0.924043428607146
learning,0.2.88,0.9089382624766845
learning,0.2.89,0.9010214400417114
learning,0.2.90,0.8834463897283357
learning,0.2.91,0.9039096398351786
learning,0.2.92,0.9089154238596728
learning,0.2.93,0.9136760895231693
learning,0.2.94,0.9063103208405813
learning,0.2.95,0.9240460712467884
learning,0.2.96,0.9125879940616433
learning,0.2.97,0.9161622540388182
learning,0.2.98,0.9245517200303794
learning,0.2.99,0.9429435371111058
learning,0.2.100,0.9398087427040661
learning,0.2.101,0.9392204151048913
learning,0.2.102,0.9301248596360853
learning,0.2.103,0.930239861609705
learning,0.2.104,0.9219686970370786
learning,0.2.105,0.9344180895261726
learning,0.2.106,0.9361138124532479
learning,0.2.107,0.9335335700645239
learning,0.2.108,0.9332447744764159
learning,0.2.109,0.9447930644523544
learning,0.2.110,0.9466772506142574
learning,0.2.111,0.9285251602675372
learning,0.2.112,0.9438253596738709
learning,0.2.113,0.9636202938321543
learning,0.2.114,0.9610255151717257
learning,0.2.115,0.9471113810525598
learning,0.2.116,0.9693805018005361
learning,0.2.117,0.9547469393342355
learning,0.2.118,0.9541401294451618
learning,0.2.119,0.9524157044556074
learning,0.2.120,0.9509144046580186
learning,0.2.121,0.9562086518026827
learning,0.2.122,0.9595868301327605
learning,0.2.123,0.9618371254020347
learning,0.2.124,0.9569123598941565
learning,0.2.125,0.9616921545944778
learning,0.2.126,0.9602764611958543
learning,0.2.127,0.9642922332372109
learning,0.2.128,0.9562827923287792
learning,0.2.129,0.9597911193431011
learning,0.2.130,0.9622478461543937
learning,0.2.131,0.9445247898295447
learning,0.2.132,0.9591807179004187
learning,0.2.133,0.9725428758905634
learning,0.2.134,0.964063839866619
learning,0.2.135,0.9541663296601092
learning,0.2.136,0.9762176908838393
learning,0.2.137,0.9695933068958315
learning,0.2.138,0.9578395452288246
learning,0.2.139,0.9729957150541575
learning,0.2.140,0.9854504567274249
learning,0.2.141,0.9805394530282193
learning,0.2.142,0.9847964917370555
learning,0.2.143,0.9778705485326165
learning,0.2.144,0.9717831253322691
learning,0.2.145,0.97290668600075
learning,0.2.146,0.9739133484858837
learning,0.2.147,0.9519767431696948
learning,0.2.148,0.9441171213580354
learning,0.2.149,0.935184415586154
learning,1.0.0,0.06828049902935335
learning,1.0.1,0.047607025502162656
learning,1.0.2,0.01200856035418391
learning,1.0.3,0.0098128067512436
learning,1.0.4,0.00933330651311253
learning,1.0.5,0.0
learning,1.0.6,0.0
learning,1.0.7,0.008869903222120556
learning,1.0.8,0.0
learning,1.0.9,0.0
learning,1.0.10,0.023997883665032162
learning,1.0.11,0.06444331010386484
learning,1.0.12,0.04243817679140996
learning,1.0.13,0.0343876396661975
learning,1.0.14,0.05971624223381552
learning,1.0.15,0.05680253673907543
learning,1.0.16,0.0777961824912309
learning,1.0.17,0.0969194203606227
learning,1.0.18,0.12468961103861445
learning,1.0.19,0.09492598235222255
learning,1.0.20,0.11648500814037564
learning,1.0.21,0.117069956324994
learning,1.0.22,0.1441006464548559
learning,1.0.23,0.1607449670173331
learning,1.0.24,0.162562881479206
learning,1.0.25,0.14551409991056483
learning,1.0.26,0.156563652731136
learning,1.0.27,0.18167885442699214
learning,1.0.28,0.17340015712315182
learning,1.0.29,0.21967183396135256
learning,1.0.30,0.24992051974340831
learning,1.0.31,0.21715039535716674
learning,1.0.32,0.20013359838716
learning,1.0.33,0.23326576330193977
learning,1.0.34,0.23455980590263278
learning,1.0.35,0.20768249487378015
learning,1.0.36,0.2051793782017791
learning,1.0.37,0.24836875823474625
learning,1.0.38,0.26034109652031195
learning,1.0.39,0.26044938004197066
learning,1.0.40,0.2443444048226499
learning,1.0.41,0.27305562011756085
learning,1.0.42,0.23707400166197062
learning,1.0.43,0.20951614062059004
learning,1.0.44,0.1960227603358266
learning,1.0.45,0.23828202476427318
learning,1.0.46,0.28199293232063544
learning,1.0.47,0.3011300318909316
learning,1.0.48,0.3253320028136201
learning,1.0.49,0.3693401073874253
learning,1.0.50,0.3736314255639809
learning,1.0.51,0.3705103042385329
learning,1.0.52,0.3638582106783286
learning,1.0.53,0.37690257904288704
learning,1.0.54,0.38957821769542605
learning,1.0.55,0.43170503792652987
learning,1.0.56,0.4275133154631497
learning,1.0.57,0.43637115162995255
learning,1.0.58,0.44160271935253015
learning,1.0.59,0.4084426270974292
learning,1.0.60,0.3840564299983723
learning,1.0.61,0.3704583183101391
learning,1.0.62,0.41836988155495225
learning,1.0.63,0.4140409486746236
learning,1.0.64,0.43468250830151844
learning,1.0.65,0.43152334698804307
learning,1.0.66,0.4358516979686706
learning,1.0.67,0.38006774757009676
learning,1.0.68,0.3757996636891909
learning,1.0.69,0.37958600444252666
learning,1.0.70,0.37224262983285716
learning,1.0.71,0.4060422244318931
learning,1.0.72,0.40065939727163224
learning,1.0.73,0.3919356187739315
learning,1.0.74,0.38411614592193327
learning,1.0.75,0.3862987543611813
learning,1.0.76,0.3728729919984582
learning,1.0.77,0.40337521631479717
learning,1.0.78,0.4015184562297827
learning,1.0.79,0.4291337554033611
learning,1.0.80,0.4679085443451235
learning,1.0.81,0.47891483079856667
learning,1.0.82,0.5120917917428469
learning,1.0.83,0.5195422089530506
learning,1.0.84,0.5389829532809508
learning,1.0.85,0.5493381112659211
learning,1.0.86,0.5536212700166165
learning,1.0.87,0.5299066128432558
learning,1.0.88,0.5434661590504308
learning,1.0.89,0.5498589755473071
learning,1.0.90,0.5009787659913804
learning,1.0.91,0.518111195013767
learning,1.0.92,0.5349533070612015
learning,1.0.93,0.5187462132285393
learning,1.0.94,0.4997625873076828
learning,1.0.95,0.5385531770246909
learning,1.0.96,0.5147513924722472
learning,1.0.97,0.47729791164323837
learning,1.0.98,0.5296075142508189
learning,1.0.99,0.5292234176383435
learning,1.0.100,0.5446777009879161
learning,1.0.101,0.5582397864434807
learning,1.0.102,0.6031569855764368
learning,1.0.103,0.581346875851189
learning,1.0.104,0.5931960968798052
learning,1.0.105,0.5938893614306736
learning,1.0.106,0.5864947913299763
learning,1.0.107,0.5769476031515098
learning,1.0.108,0.5831941255096469
learning,1.0.109,0.5436135496276763
learning,1.0.110,0.5253745474226473
learning,1.0.111,0.5395500595003294
learning,1.0.112,0.5385366184950633
learning,1.0.113,0.5253054494180023
learning,1.0.114,0.5626510055944924
learning,1.0.115,0.5613952153545575
learning,1.0.116,0.5512471718454256
learning,1.0.117,0.5492172226291983
learning,1.0.118,0.5775345919419561
learning,1.0.119,0.5787578317352327
learning,1.0.120,0.6032439174232824
learning,1.0.121,0.6092534132864095
learning,1.0.122,0.6153688086712946
learning,1.0.123,0.5859044523821472
learning,1.0.124,0.5753254403134996
learning,1.0.125,0.5569808567708587
learning,1.0.126,0.5482002589724088
learning,1.0.127,0.5467655018485443
learning,1.0.128,0.5409039047633958
learning,1.0.129,0.5398592917161228
learning,1.0.130,0.5520165373011816
learning,1.0.131,0.5521998323782054
learning,1.0.132,0.5538047211394074
learning,1.0.133,0.5811901706557634
learning,1.0.134,0.5879067197518505
learning,1.0.135,0.5679326908780605
learning,1.0.136,0.5954364909745713
learning,1.0.137,0.6285858311340259
learning,1.0.138,0.6502539159258198
learning,1.0.139,0.6411671554179031
learning,1.0.140,0.6720235809493867
learning,1.0.141,0.636377367400648
learning,1.0.142,0.6052498657528703
learning,1.0.143,0.5825771946810518
learning,1.0.144,0.6043094669662873
learning,1.0.145,0.6024074008578734
learning,1.0.146,0.6286882288414687
learning,1.0.147,0.6304390281291121
learning,1.0.148,0.6249015290602578
learning,1.0.149,0.611244521429303
learning,1.1.0,0.03392467125812022
learning,1.1.1,0.03373082934196706
learning,1.1.2,0.056720574212541584
learning,1.1.3,0.05666290141784687
learning,1.1.4,0.043908576365578045
learning,1.1.5,0.03409037510685684
learning,1.1.6,0.05934689136835157
learning,1.1.7,0.0550714621254376
learning,1.1.8,0.06456870363633607
learning,1.1.9,0.08944721984781792
learning,1.1.10,0.0958038625665864
learning,1.1.11,0.1038063612136729
learning,1.1.12,0.14195773028799918
learning,1.1.13,0.17040017179436345
learning,1.1.14,0.17080893280127274
learning,1.1.15,0.19093001250378375
learning,1.1.16,0.2207830583482095
learning,1.1.17,0.19946552206984783
learning,1.1.18,0.21163514238090372
learning,1.1.19,0.2324819399513963
learning,1.1.20,0.2507567537632515
learning,1.1.21,0.2550437184178244
learning,1.1.22,0.2914754525854107
learning,1.1.23,0.3192370150109043
learning,1.1.24,0.3309178292783706
learning,1.1.25,0.37106939716229237
learning,1.1.26,0.39203721245059825
learning,1.1.27,0.3858331713694983
learning,1.1.28,0.38069931617789304
learning,1.1.29,0.39558576664331546
learning,1.1.30,0.3581182292359586
learning,1.1.31,0.3567497898138836
learning,1.1.32,0.3924841596423711
learning,1.1.33,0.40791996511561673
learning,1.1.34,0.414572306542415
learning,1.1.35,0.4276696504850454
learning,1.1.36,0.4504420500864515
learning,1.1.37,0.439212729598015
learning,1.1.38,0.43238546863400257
learning,1.1.39,0.4367333427914573
learning,1.1.40,0.4550552367339526
learning,1.1.41,0.44519850751328516
learning,1.1.42,0.4628007642321642
learning,1.1.43,0.4893735569397999
learning,1.1.44,0.5117777390138691
learning,1.1.45,0.5167343965245298
learning,1.1.46,0.5303025080136429
learning,1.1.47,0.5349181181902576
learning,1.1.48,0.5354240467837906
learning,1.1.49,0.5272417970719693
learning,1.1.50,0.5444413904968453
learning,1.1.51,0.5475991743269946
learning,1.1.52,0.5483619747098617
learning,1.1.53,0.5882123961687744
learning,1.1.54,0.6283692733960016
learning,1.1.55,0.6290083975328374
learning,1.1.56,0.6304269545801479
learning,1.1.57,0.6466703294750463
learning,1.1.58,0.6276390457318666
learning,1.1.59,0.608252551987861
learning,1.1.60,0.6269379866685219
learning,1.1.61,0.6433844050547207
learning,1.1.62,0.6518328360826002
learning,1.1.63,0.64851463509166
learning,1.1.64,0.6447645605325372
learning,1.1.65,0.6489179678255674
learning,1.1.66,0.6765483156444986
learning,1.1.67,0.6750266014651602
learning,1.1.68,0.6666105908663765
learning,1.1.69,0.663026736778786
learning,1.1.70,0.6774923890066371
learning,1.1.71,0.6484424430609289
learning,1.1.72,0.6648776396266662
learning,1.1.73,0.7032375265024189
learning,1.1.74,0.723300852229363
learning,1.1.75,0.7083037725098289
learning,1.1.76,0.7332288777060083
learning,1.1.77,0.7275898271703157
learning,1.1.78,0.723756037509505
learning,1.1.79,0.7086907365570869
learning,1.1.80,0.7276526257325593
learning,1.1.81,0.7468840098278078
learning,1.1.82,0.7574156680854207
learning,1.1.83,0.7498912779035528
learning,1.1.84,0.7471103595588429
learning,1.1.85,0.7557022012771426
learning,1.1.86,0.7234732269078945
learning,1.1.87,0.70454236108759
learning,1.1.88,0.6898389176923773
learning,1.1.89,0.6950694031633504
learning,1.1.90,0.6780811552974666
learning,1.1.91,0.6983778508400329
learning,1.1.92,0.7193937365327203
learning,1.1.93,0.7546244583135243
learning,1.1.94,0.7595590665835684
learning,1.1.95,0.7492843406124551
learning,1.1.96,0.7544210300184779
learning,1.1.97,0.7581067040725773
learning,1.1.98,0.7422109364178177
learning,1.1.99,0.7752728814269244
learning,1.1.100,0.770500075944627
learning,1.1.101,0.7950803482371728
learning,1.1.102,0.7911087380267079
learning,1.1.103,0.7876863213842608
learning,1.1.104,0.7727972997104542
learning,1.1.105,0.7952098339506721
learning,1.1.106,0.7585685730872372
learning,1.1.107,0.7673593745161077
learning,1.1.108,0.7790277323194528
learning,1.1.109,0.7880624647982096
learning,1.1.110,0.7899352868426868
learning,1.1.111,0.8160779282194952
learning,1.1.112,0.8122804874971413
learning,1.1.113,0.815352370348714
learning,1.1.114,0.8010829869688071
learning,1.1.115,0.7950801319262636
learning,1.1.116,0.7882570728001259
learning,1.1.117,0.7908299609447987
learning,1.1.118,0.7947715566484126
learning,1.1.119,0.8021906214041062
learning,1.1.120,0.7831644983715457
learning,1.1.121,0.7913755237057467
learning,1.1.122,0.8058148791303428
learning,1.1.123,0.7896821593511162
learning,1.1.124,0.7807800679906695
learning,1.1.125,0.8137364989317831
learning,1.1.126,0.8111730485517421
learning,1.1.127,0.7940783060772473
learning,1.1.128,0.8477771402479366
learning,1.1.129,0.8633887292948204
learning,1.1.130,0.8590683102784448
learning,1.1.131,0.8644838044312615
learning,1.1.132,0.8724092491556572
learning,1.1.133,0.8457727185548998
learning,1.1.134,0.8442798933913399
learning,1.1.135,0.8517407703360186
learning,1.1.136,0.845763850671359
learning,1.1.137,0.824580032799538
learning,1.1.138,0.8235755129985451
learning,1.1.139,0.832597164483855
learning,1.1.140,0.826000577436315
learning,1.1.141,0.8356286622778586
learning,1.1.142,0.8616872153873193
learning,1.1.143,0.861365169992312
learning,1.1.144,0.8574788611879304
learning,1.1.145,0.8665383006731964
learning,1.1.146,0.8446817453704384
learning,1.1.147,0.8450463611764747
learning,1.1.148,0.8452053119904909
learning,1.1.149,0.8505761216381545
learning,1.2.0,0.02667628372220519
learning,1.2.1,0.025980493669075178
learning,1.2.2,0.014480801870811938
learning,1.2.3,0.031381509982239944
learning,1.2.4,0.012579427262471278
learning,1.2.5,0.03672645190804453
learning,1.2.6,0.08123434066682698
learning,1.2.7,0.1285223507152851
learning,1.2.8,0.13334215687667625
learning,1.2.9,0.18107552145060687
learning,1.2.10,0.21557461407068054
learning,1.2.11,0.23287189117518756
learning,1.2.12,0.26812031988305696
learning,1.2.13,0.2914161675891636
learning,1.2.14,0.2877005482296531
learning,1.2.15,0.2892839618339904
learning,1.2.16,0.30023450870111734
learning,1.2.17,0.300061744419042
learning,1.2.18,0.32374949529124697
learning,1.2.19,0.36204252909489515
learning,1.2.20,0.38530814496103033
learning,1.2.21,0.4136753374368593
learning,1.2.22,0.4439388228698398
learning,1.2.23,0.465864007036723
learning,1.2.24,0.47178691373150694
learning,1.2.25,0.5023406231182829
learning,1.2.26,0.520902147717656
learning,1.2.27,0.5228523875761879
learning,1.2.28,0.5340948370032419
learning,1.2.29,0.5531507612932159
learning,1.2.30,0.5652201487247768
learning,1.2.31,0.5584994821602514
learning,1.2.32,0.5911380825468603
learning,1.2.33,0.5965910353944697
learning,1.2.34,0.6072282016306105
learning,1.2.35,0.6017063418938152
learning,1.2.36,0.6178326797912705
learning,1.2.37,0.6108690160345102
learning,1.2.38,0.630459960332721
learning,1.2.39,0.6514604230417421
learning,1.2.40,0.6851350972737478
learning,1.2.41,0.7033564798509321
learning,1.2.42,0.7245640356219418
learning,1.2.43,0.7203189007014119
learning,1.2.44,0.7295254192820937
learning,1.2.45,0.7330649163407562
learning,1.2.46,0.7471478247157763
learning,1.2.47,0.7414152039591003
learning,1.2.48,0.7693357710764623
learning,1.2.49,0.7500243474517236
learning,1.2.50,0.7451901479118074
learning,1.2.51,0.7449693772147321
learning,1.2.52,0.7645526253353587
learning,1.2.53,0.7561962231391768
learning,1.2.54,0.7792520271477134
learning,1.2.55,0.793127619233392
learning,1.2.56,0.8084835111378947
learning,1.2.57,0.8074711454853175
learning,1.2.58,0.8203663484336896
learning,1.2.59,0.8283924185579248
learning,1.2.60,0.8253323928104487
learning,1.2.61,0.8246178919591443
learning,1.2.62,0.8235921282250502
learning,1.2.63,0.8449662493808174
learning,1.2.64,0.8560567817780309
learning,1.2.65,0.8547856975723046
learning,1.2.66,0.8410553044224279
learning,1.2.67,0.8466368331545974
learning,1.2.68,0.8536512143652875
learning,1.2.69,0.8526818120257851
learning,1.2.70,0.8621258741025003
learning,1.2.71,0.8972140741660086
learning,1.2.72,0.9023854050842034
learning,1.2.73,0.9011234807665813
learning,1.2.74,0.884857767530996
learning,1.2.75,0.8966259821107271
learning,1.2.76,0.8882590394071486
learning,1.2.77,0.901553486045181
learning,1.2.78,0.8948775903493212
learning,1.2.79,0.9008257559655608
learning,1.2.80,0.8973072717227468
learning,1.2.81,0.8969479720382437
learning,1.2.82,0.896818103511575
learning,1.2.83,0.8979827187477637
learning,1.2.84,0.9029417192548245
learning,1.2.85,0.9101264959568993
learning,1.2.86,0.9044205668659555
learning,1.2.87,0.8852476711919457
learning,1.2.88,0.9034088683978553
learning,1.2.89,0.9054109324150281
learning,1.2.90,0.9083560303728936
learning,1.2.91,0.9132851390263276
learning,1.2.92,0.9281260439671281
learning,1.2.93,0.9083827393404973
learning,1.2.94,0.9172528453487198
learning,1.2.95,0.923950791691885
learning,1.2.96,0.9302772388303951
learning,1.2.97,0.9204730105375356
learning,1.2.98,0.9191835694332987
learning,1.2.99,0.8991548660193449
learning,1.2.100,0.885538955817367
learning,1.2.101,0.8702382731300589
learning,1.2.102,0.8839326237434875
learning,1.2.103,0.8831945056162201
learning,1.2.104,0.9033686534235
learning,1.2.105,0.9062503451389045
learning,1.2.106,0.930002108913796
learning,1.2.107,0.9164188952179161
learning,1.2.108,0.9378548386492531
learning,1.2.109,0.927807208521981
learning,1.2.110,0.928838806399972
learning,1.2.111,0.9140523920558966
learning,1.2.112,0.9480988011890588
learning,1.2.113,0.9464185057202522
learning,1.2.114,0.9551046908410787
learning,1.2.115,0.9685387855559302
learning,1.2.116,0.973761247146654
learning,1.2.117,0.9618875581287183
learning,1.2.118,0.9330910768000773
learning,1.2.119,0.9425077514897517
learning,1.2.120,0.9270962709269166
learning,1.2.121,0.9273588687694532
learning,1.2.122,0.9143379035798275
learning,1.2.123,0.9337210386474378
learning,1.2.124,0.945248941650726
learning,1.2.125,0.9602566283641957
learning,1.2.126,0.9503446148669901
learning,1.2.127,0.95123454230944
learning,1.2.128,0.9474285677736083
learning,1.2.129,0.9433103324718446
learning,1.2.130,0.9456614467486351
learning,1.2.131,0.9562751461689923
learning,1.2.132,0.9504549866637277
learning,1.2.133,0.9705568042837651
learning,1.2.134,0.967119146321811
learning,1.2.135,0.9552795363688522
learning,1.2.136,0.95627175765653
learning,1.2.137,0.9678485260608887
learning,1.2.138,0.945588914888938
learning,1.2.139,0.9324145436060465
learning,1.2.140,0.9454597294754594
learning,1.2.141,0.9271342767367274
learning,1.2.142,0.9426702498269981
learning,1.2.143,0.9513802599130142
learning,1.2.144,0.9620767618283501
learning,1.2.145,0.9613972841345318
learning,1.2.146,0.998971335886831
learning,1.2.147,0.9809687296292912
learning,1.2.148,0.9740251016616421
learning,1.2.149,0.9671765195229671
learning,2.0.0,0.050638361924730674
learning,2.0.1,0.07251014572708195
learning,2.0.2,0.057864587269769924
learning,2.0.3,0.07232231186746216
learning,2.0.4,0.044035924934973054
learning,2.0.5,0.016840862563317852
learning,2.0.6,0.002489443680097344
learning,2.0.7,0.03099847126652541
learning,2.0.8,0.019139996796350672
learning,2.0.9,0.0
learning,2.0.10,0.017302245457331736
learning,2.0.11,0.0065853918973335125
learning,2.0.12,0.001855316713104814
learning,2.0.13,0.01025469246776449
learning,2.0.14,0.02006066627774033
learning,2.0.15,0.0233296945029109
learning,2.0.16,0.03107317696792679
learning,2.0.17,0.06674565972539814
learning,2.0.18,0.06773683370872079
learning,2.0.19,0.10705984664946955
learning,2.0.20,0.09411615970564496
learning,2.0.21,0.12483727525483575
learning,2.0.22,0.11079341839184552
learning,2.0.23,0.14429895377275684
learning,2.0.24,0.15298401448403554
learning,2.0.25,0.17302108085485296
learning,2.0.26,0.17640746714538122
learning,2.0.27,0.19796750183755224
learning,2.0.28,0.20508202358181749
learning,2.0.29,0.18312996908547233
learning,2.0.30,0.16699869106285511
learning,2.0.31,0.1451711294185779
learning,2.0.32,0.18315431949266225
learning,2.0.33,0.17500994471305378
learning,2.0.34,0.22817326385372777
learning,2.0.35,0.26746730331148316
learning,2.0.36,0.2715551106409224
learning,2.0.37,0.25943546459410327
learning,2.0.38,0.25594266011583344
learning,2.0.39,0.2566367288265532
learning,2.0.40,0.22540843407911645
learning,2.0.41,0.2689029688881754
learning,2.0.42,0.24653836372244403
learning,2.0.43,0.26052005925119504
learning,2.0.44,0.23173137709488603
learning,2.0.45,0.26449056195966986
learning,2.0.46,0.26405397185375135
learning,2.0.47,0.2755894150707675
learning,2.0.48,0.28087634406564055
learning,2.0.49,0.27867321072035156
learning,2.0.50,0.29428174056410095
learning,2.0.51,0.26248468262373736
learning,2.0.52,0.2640355911424174
learning,2.0.53,0.2849853211903767
learning,2.0.54,0.31349140305750145
learning,2.0.55,0.3504463977160325
learning,2.0.56,0.3885578189858214
learning,2.0.57,0.4253647923971527
learning,2.0.58,0.4417078617950339
learning,2.0.59,0.45844966502507
learning,2.0.60,0.45150262981366607
learning,2.0.61,0.45895158960490057
learning,2.0.62,0.4240253163644571
learning,2.0.63,0.40415440362238636
learning,2.0.64,0.3884135826281665
learning,2.0.65,0.37845553643242114
learning,2.0.66,0.3674670412556929
learning,2.0.67,0.38282325703299963
learning,2.0.68,0.41281809661067015
learning,2.0.69,0.45716975989176883
learning,2.0.70,0.46843992960198244
learning,2.0.71,0.49976023134240855
learning,2.0.72,0.49441009772734057
learning,2.0.73,0.4521318164615607
learning,2.0.74,0.4283933665824241
learning,2.0.75,0.44333998164222677
learning,2.0.76,0.42415502129886723
learning,2.0.77,0.4705486880856643
learning,2.0.78,0.5130664801683748
learning,2.0.79,0.523239586200001
learning,2.0.80,0.4935933125149548
learning,2.0.81,0.5251051133270023
learning,2.0.82,0.5170853194349744
learning,2.0.83,0.4857649601736106
learning,2.0.84,0.4971171357898122
learning,2.0.85,0.5211554168818879
learning,2.0.86,0.48707248517498847
learning,2.0.87,0.47581436568392815
learning,2.0.88,0.5100635700788522
learning,2.0.89,0.49180970090704434
learning,2.0.90,0.4935474948455255
learning,2.0.91,0.5233137770453591
learning,2.0.92,0.49584580316351096
learning,2.0.93,0.46300866894921583
learning,2.0.94,0.4667042693896686
learning,2.0.95,0.4588590527958896
learning,2.0.96,0.45639718144960717
learning,2.0.97,0.4756252389851108
learning,2.0.98,0.530295840880832
learning,2.0.99,0.5084166633022471
learning,2.0.100,0.5295820641723179
learning,2.0.101,0.5359708632717487
learning,2.0.102,0.5291447773077136
learning,2.0.103,0.5142038232017662
learning,2.0.104,0.5513068776719895
learning,2.0.105,0.5569073570491749
learning,2.0.106,0.5368094224910009
learning,2.0.107,0.5645979490881289
learning,2.0.108,0.5152643545125452
learning,2.0.109,0.5285148864207003
learning,2.0.110,0.5076221046046057
learning,2.0.111,0.5229452428497567
learning,2.0.112,0.5178981717163451
learning,2.0.113,0.582869500780835
learning,2.0.114,0.5668945790621593
learning,2.0.115,0.5631701079609218
learning,2.0.116,0.5804134079225061
learning,2.0.117,0.572670971524889
learning,2.0.118,0.5617679534307389
learning,2.0.119,0.5679317972507922
learning,2.0.120,0.5602765614559027
learning,2.0.121,0.5335087502620246
learning,2.0.122,0.5648061244661791
learning,2.0.123,0.5430578135847604
learning,2.0.124,0.5704174858595125
learning,2.0.125,0.5733317982319364
learning,2.0.126,0.6142023562634782
learning,2.0.127,0.5985895492309877
learning,2.0.128,0.6250218199460301
learning,2.0.129,0.5902912764070013
learning,2.0.130,0.5921184297764825
learning,2.0.131,0.562196734486491
learning,2.0.132,0.568825643062895
learning,2.0.133,0.5829962386645522
learning,2.0.134,0.5907411521583057
learning,2.0.135,0.616145690479039
learning,2.0.136,0.6359850196616578
learning,2.0.137,0.6505630564845876
learning,2.0.138,0.6346055302504293
learning,2.0.139,0.6451981388118817
learning,2.0.140,0.6573603569355589
learning,2.0.141,0.6857386689536372
learning,2.0.142,0.6521450484913975
learning,2.0.143,0.6682629281262805
learning,2.0.144,0.6801021887718355
learning,2.0.145,0.635777974760796
learning,2.0.146,0.5832583812132905
learning,2.0.147,0.6332685938923921
learning,2.0.148,0.6511152838180184
learning,2.0.149,0.6711553494579126
learning,2.1.0,0.030863882243895923
learning,2.1.1,0.013629808979476316
learning,2.1.2,0.03113607219716361
learning,2.1.3,0.021814013090689498
learning,2.1.4,0.014553373057975364
learning,2.1.5,0.0
learning,2.1.6,0.004678788052648902
learning,2.1.7,0.002582737293371492
learning,2.1.8,0.009484952447510589
learning,2.1.9,0.012957299765810747
learning,2.1.10,0.05555646590683032
learning,2.1.11,0.057794213920342875
learning,2.1.12,0.06170049669133306
learning,2.1.13,0.09895549715256177
learning,2.1.14,0.11750420785615145
learning,2.1.15,0.13446414582956281
learning,2.1.16,0.1636778629776523
learning,2.1.17,0.16915302852490455
learning,2.1.18,0.17078942730742147
learning,2.1.19,0.20175491093738454
learning,2.1.20,0.20082171784551656
learning,2.1.21,0.223994732431954
learning,2.1.22,0.25184855569335757
learning,2.1.23,0.25275748170067003
learning,2.1.24,0.24905451627425737
learning,2.1.25,0.25484755530268033
learning,2.1.26,0.27652181478702925
learning,2.1.27,0.30217289097588607
learning,2.1.28,0.33338006946695514
learning,2.1.29,0.33826909666022364
learning,2.1.30,0.3890992290764441
learning,2.1.31,0.39794571040293486
learning,2.1.32,0.3935943319160976
learning,2.1.33,0.3784586269094002
learning,2.1.34,0.3909430975367435
learning,2.1.35,0.3582730563553109
learning,2.1.36,0.3700159600909178
learning,2.1.37,0.37864153459196104
learning,2.1.38,0.42009658127083815
learning,2.1.39,0.44915706327514016
learning,2.1.40,0.47477353065537253
learning,2.1.41,0.4766721773777627
learning,2.1.42,0.5011352220101003
learning,2.1.43,0.4861758813171033
learning,2.1.44,0.47446647866161745
learning,2.1.45,0.48913038186784263
learning,2.1.46,0.4975119984774487
learning,2.1.47,0.4883238411194761
learning,2.1.48,0.4959549265831864
learning,2.1.49,0.5072595668333222
learning,2.1.50,0.5005681812700172
learning,2.1.51,0.5223725204716575
learning,2.1.52,0.5121841041467516
learning,2.1.53,0.5157628571233622
learning,2.1.54,0.540453755314984
learning,2.1.55,0.549068711436851
learning,2.1.56,0.5455202584600437
learning,2.1.57,0.5688816396302078
learning,2.1.58,0.5899737419041782
learning,2.1.59,0.5873112161392274
learning,2.1.60,0.603281914142516
learning,2.1.61,0.6020668502707275
learning,2.1.62,0.603927583893187
learning,2.1.63,0.6177042027088937
learning,2.1.64,0.6469901272224339
learning,2.1.65,0.6763373317820848
learning,2.1.66,0.6978479303423109
learning,2.1.67,0.7106007038786304
learning,2.1.68,0.7020470399694999
learning,2.1.69,0.6933484493029145
learning,2.1.70,0.6879634943676926
learning,2.1.71,0.6803715095426849
learning,2.1.72,0.6866520992817712
learning,2.1.73,0.7034157265987299
learning,2.1.74,0.7001984064211525
learning,2.1.75,0.6729726933245321
learning,2.1.76,0.6761965997724715
learning,2.1.77,0.6952170236251531
learning,2.1.78,0.6744419822474863
learning,2.1.79,0.6772768859257842
learning,2.1.80,0.7058271573135313
learning,2.1.81,0.7357938229479926
learning,2.1.82,0.7288438964415206
learning,2.1.83,0.7676758538549857
learning,2.1.84,0.784110678230208
learning,2.1.85,0.7779248402897252
learning,2.1.86,0.7589918206514799
learning,2.1.87,0.7621934000997471
learning,2.1.88,0.7652944035474856
learning,2.1.89,0.7473564848163871
learning,2.1.90,0.7618741466592701
learning,2.1.91,0.7453768433877905
learning,2.1.92,0.7575591158467638
learning,2.1.93,0.731566139077511
learning,2.1.94,0.7505626364786533
learning,2.1.95,0.74773841106295
learning,2.1.96,0.7634622200165248
learning,2.1.97,0.7521321204006712
learning,2.1.98,0.7506044908228122
learning,2.1.99,0.7525442320786372
learning,2.1.100,0.7302801071694481
learning,2.1.101,0.7454439749189528
learning,2.1.102,0.7514562515906433
learning,2.1.103,0.7700994565636959
learning,2.1.104,0.7777108117786034
learning,2.1.105,0.7926326817711811
learning,2.1.106,0.7977752470622204
learning,2.1.107,0.8023457212642195
learning,2.1.108,0.8124463612718696
learning,2.1.109,0.7890158215118546
learning,2.1.110,0.785544822979079
learning,2.1.111,0.7863652696259825
learning,2.1.112,0.7939609295145287
learning,2.1.113,0.7738325639068581
learning,2.1.114,0.7843802619070194
learning,2.1.115,0.7851573520984745
learning,2.1.116,0.7682564703834343
learning,2.1.117,0.7429831439561543
learning,2.1.118,0.7630795005506977
learning,2.1.119,0.7742527936852872
learning,2.1.120,0.774327875179805
learning,2.1.121,0.7675588103471148
learning,2.1.122,0.7841919265752773
learning,2.1.123,0.8070695743788582
learning,2.1.124,0.7724882971675644
learning,2.1.125,0.8101375545032149
learning,2.1.126,0.8485977776511514
learning,2.1.127,0.8662512961283255
learning,2.1.128,0.8526669207719713
learning,2.1.129,0.8984564776893122
learning,2.1.130,0.8760562354921995
learning,2.1.131,0.8760858345378049
learning,2.1.132,0.8825310077230892
learning,2.1.133,0.8826431631856999
learning,2.1.134,0.8817228318823286
learning,2.1.135,0.8783345346496417
learning,2.1.136,0.8676842052905125
learning,2.1.137,0.8574214275137034
learning,2.1.138,0.8649182541259511
learning,2.1.139,0.8387817524503001
learning,2.1.140,0.8240742623870391
learning,2.1.141,0.8245602819679381
learning,2.1.142,0.8129391491924407
learning,2.1.143,0.797900471060591
learning,2.1.144,0.8290061301029943
learning,2.1.145,0.8484292957282049
learning,2.1.146,0.8302453828672751
learning,2.1.147,0.8404240510396981
learning,2.1.148,0.8485808535244542
learning,2.1.149,0.8452713748573749
learning,2.2.0,0.00843865188854738
learning,2.2.1,0.022755321815999513
learning,2.2.2,0.042976378319643065
learning,2.2.3,0.057729540058168716
learning,2.2.4,0.05403882631882667
learning,2.2.5,0.06478781628845712
learning,2.2.6,0.07024931813725545
learning,2.2.7,0.05182625993266955
learning,2.2.8,0.08028936929344103
learning,2.2.9,0.10818450758404256
learning,2.2.10,0.12460936277226896
learning,2.2.11,0.13701695884605672
learning,2.2.12,0.1650250684454178
learning,2.2.13,0.19465575693564194
learning,2.2.14,0.2242823731455228
learning,2.2.15,0.2418762070925831
learning,2.2.16,0.2762060644353596
learning,2.2.17,0.30939242148124463
learning,2.2.18,0.3207400278611606
learning,2.2.19,0.336891266924989
learning,2.2.20,0.35876362709358817
learning,2.2.21,0.3886913198573634
learning,2.2.22,0.4028010252913891
learning,2.2.23,0.40136494543075746
learning,2.2.24,0.41952475221495517
learning,2.2.25,0.4248684196697548
learning,2.2.26,0.43011445292965095
learning,2.2.27,0.4393434017701875
learning,2.2.28,0.48059703493891814
learning,2.2.29,0.48831760972404864
learning,2.2.30,0.5127379827443788
learning,2.2.31,0.516298674681308
learning,2.2.32,0.5361965143347094
learning,2.2.33,0.5400456071477879
learning,2.2.34,0.5576166119232062
learning,2.2.35,0.5930314356512328
learning,2.2.36,0.610348335761218
learning,2.2.37,0.6366868703113894
learning,2.2.38,0.6486356095519745
learning,2.2.39,0.6571594880637276
learning,2.2.40,0.6519191526709597
learning,2.2.41,0.6715583895719951
learning,2.2.42,0.6789380019223709
learning,2.2.43,0.688734135325807
learning,2.2.44,0.6996887081827984
learning,2.2.45,0.6916742762349694
learning,2.2.46,0.6964655590547301
learning,2.2.47,0.7015762677285903
learning,2.2.48,0.7224784176823494
learning,2.2.49,0.7214083944304677
learning,2.2.50,0.7389477981870638
learning,2.2.51,0.741896940592398
learning,2.2.52,0.7536220032516782
learning,2.2.53,0.7554276969679158
learning,2.2.54,0.7660666247391534
learning,2.2.55,0.7626081435282274
learning,2.2.56,0.7763147822689025
learning,2.2.57,0.7798768187729629
learning,2.2.58,0.7825388008872576
learning,2.2.59,0.7904549188300506
learning,2.2.60,0.8251394490141103
learning,2.2.61,0.816768668413266
learning,2.2.62,0.8269477335340029
learning,2.2.63,0.8280498062694028
learning,2.2.64,0.8305417439106861
learning,2.2.65,0.8211463411864793
learning,2.2.66,0.8132109158033255
learning,2.2.67,0.79523876200211
learning,2.2.68,0.797615547931121
learning,2.2.69,0.805558342653532
learning,2.2.70,0.8188779025534638
learning,2.2.71,0.8413611242683138
learning,2.2.72,0.8577815754907805
learning,2.2.73,0.8631522991378999
learning,2.2.74,0.8775974511744556
learning,2.2.75,0.8756839841268277
learning,2.2.76,0.893855805941872
learning,2.2.77,0.8994642988182391
learning,2.2.78,0.9046725419568181
learning,2.2.79,0.8826872893918708
learning,2.2.80,0.8808806956707718
learning,2.2.81,0.864670539222121
learning,2.2.82,0.8773463780406283
learning,2.2.83,0.8878761559891967
learning,2.2.84,0.9007570260124774
learning,2.2.85,0.9090914233875675
learning,2.2.86,0.9125926075146841
learning,2.2.87,0.9030950183075805
learning,2.2.88,0.8961842124915823
learning,2.2.89,0.9031817677626203
learning,2.2.90,0.9137935122514194
learning,2.2.91,0.8961608587345301
learning,2.2.92,0.907390905535004
learning,2.2.93,0.9036008949143441
learning,2.2.94,0.90566449016324
learning,2.2.95,0.8881266909307091
learning,2.2.96,0.9085065302918954
learning,2.2.97,0.8907373380870662
learning,2.2.98,0.9048467398104987
learning,2.2.99,0.907844916124367
learning,2.2.100,0.9272988600626687
learning,2.2.101,0.9282435961609908
learning,2.2.102,0.9378559800086879
learning,2.2.103,0.9360100637254422
learning,2.2.104,0.9253521507358046
learning,2.2.105,0.9034176932780628
learning,2.2.106,0.9171876338456596
learning,2.2.107,0.891360570146619
learning,2.2.108,0.8950931601236514
learning,2.2.109,0.9000829627636048
learning,2.2.110,0.904982263313922
learning,2.2.111,0.8937048760985943
learning,2.2.112,0.915796656598737
learning,2.2.113,0.90717291014512
learning,2.2.114,0.901703375919417
learning,2.2.115,0.9034974151459108
learning,2.2.116,0.9149909140749332
learning,2.2.117,0.9233277115215205
learning,2.2.118,0.9428732840146828
learning,2.2.119,0.9495294582824751
learning,2.2.120,0.9634991136014384
learning,2.2.121,0.9687648810538412
learning,2.2.122,0.9626527680610516
learning,2.2.123,0.9707493430045372
learning,2.2.124,0.9929593173171369
learning,2.2.125,0.9885926039924139
learning,2.2.126,0.9870301085434863
learning,2.2.127,0.9919636974798384
learning,2.2.128,0.9700201563455486
learning,2.2.129,0.9529305869409277
learning,2.2.130,0.9504282884059446
learning,2.2.131,0.9537269316525644
learning,2.2.132,0.9770440451278094
learning,2.2.133,0.9773351853372451
learning,2.2.134,0.9838164274759937
learning,2.2.135,0.9808017233691699
learning,2.2.136,0.9633330591542575
learning,2.2.137,0.9462506422993723
learning,2.2.138,0.9678192148783434
learning,2.2.139,0.9712360777123267
learning,2.2.140,0.9667082143749371
learning,2.2.141,1.0
learning,2.2.142,1.0
learning,2.2.143,0.9928239906921662
learning,2.2.144,0.9993623033533106
learning,2.2.145,1.0
learning,2.2.146,0.9965154494318003
learning,2.2.147,0.9697634208602796
learning,2.2.148,0.9590236872056438
learning,2.2.149,0.9353663782568351
learning,3.0.0,0.0
learning,3.0.1,0.009253924683156093
learning,3.0.2,0.0
learning,3.0.3,0.010307878904343183
learning,3.0.4,0.020388686548480518
learning,3.0.5,0.045725018981735976
learning,3.0.6,0.015088623254747077
learning,3.0.7,0.012189051800440952
learning,3.0.8,0.0
learning,3.0.9,0.0
learning,3.0.10,0.0
learning,3.0.11,0.0
learning,3.0.12,0.026539920565579685
learning,3.0.13,0.056198068458647
learning,3.0.14,0.08729629776760431
learning,3.0.15,0.1198604943638761
learning,3.0.16,0.12484981065107245
learning,3.0.17,0.07910431938980061
learning,3.0.18,0.06884894093029317
learning,3.0.19,0.047335698463255776
learning,3.0.20,0.02300107488241547
learning,3.0.21,0.0
learning,3.0.22,0.025582654919351994
learning,3.0.23,0.04579246775716668
learning,3.0.24,0.06956104701392846
learning,3.0.25,0.062025739628345664
learning,3.0.26,0.12516609778251017
learning,3.0.27,0.12382481806268633
learning,3.0.28,0.16383246415660951
learning,3.0.29,0.17581520870250245
learning,3.0.30,0.20219841574294628
learning,3.0.31,0.23345195137138608
learning,3.0.32,0.2446812714515433
learning,3.0.33,0.1961909653781525
learning,3.0.34,0.1954085166855786
learning,3.0.35,0.20264065672149834
learning,3.0.36,0.197248798630351
learning,3.0.37,0.20972806824707851
learning,3.0.38,0.26837416039798123
learning,3.0.39,0.3104379005091453
learning,3.0.40,0.31543785510770234
learning,3.0.41,0.3118943022460031
learning,3.0.42,0.29994964834067367
learning,3.0.43,0.2899886779941066
learning,3.0.44,0.2721855371261009
learning,3.0.45,0.28619420002738577
learning,3.0.46,0.2946390846480001
learning,3.0.47,0.2954946029740136
learning,3.0.48,0.28751254485096117
learning,3.0.49,0.2906220400612013
learning,3.0.50,0.28300861423027696
learning,3.0.51,0.2839068355716713
learning,3.0.52,0.3184183831470173
learning,3.0.53,0.32467068568667795
learning,3.0.54,0.34520544541570336
learning,3.0.55,0.3747249624120441
learning,3.0.56,0.3496306189349372
learning,3.0.57,0.37623659150842553
learning,3.0.58,0.3928350392411858
learning,3.0.59,0.35399972128905516
learning,3.0.60,0.37862641637456407
learning,3.0.61,0.38348692821618713
learning,3.0.62,0.34919802792395505
learning,3.0.63,0.37206207268203406
learning,3.0.64,0.3950186774288525
learning,3.0.65,0.3933997364178762
learning,3.0.66,0.40686000614943313
learning,3.0.67,0.41489175293788844
learning,3.0.68,0.4135901950608122
learning,3.0.69,0.4334358710297346
learning,3.0.70,0.42310951249050754
learning,3.0.71,0.4374875298717113
learning,3.0.72,0.43377847100196865
learning,3.0.73,0.39339392628407593
learning,3.0.74,0.36075066984678755
learning,3.0.75,0.3587749958313132
learning,3.0.76,0.3647023997745849
learning,3.0.77,0.4013173226874263
learning,3.0.78,0.4336633349994427
learning,3.0.79,0.4726060738807309
learning,3.0.80,0.5073774815913357
learning,3.0.81,0.5209056084233009
learning,3.0.82,0.5161282343435211
learning,3.0.83,0.5432570954494458
learning,3.0.84,0.5439539112813528
learning,3.0.85,0.5238069394356047
learning,3.0.86,0.519691559871647
learning,3.0.87,0.5048738424955664
learning,3.0.88,0.5029582803682374
learning,3.0.89,0.49239446547865107
learning,3.0.90,0.48001600028297714
learning,3.0.91,0.47590177814627876
learning,3.0.92,0.4926101884733837
learning,3.0.93,0.48172470470691303
learning,3.0.94,0.45087431231051844
learning,3.0.95,0.48592510770706343
learning,3.0.96,0.47957218057003426
learning,3.0.97,0.4624558400842606
learning,3.0.98,0.45489503668278386
learning,3.0.99,0.5311227378776954
learning,3.0.100,0.539580431215934
learning,3.0.101,0.5593395654717792
learning,3.0.102,0.5673162306385043
learning,3.0.103,0.559395568237578
learning,3.0.104,0.5387543826725089
learning,3.0.105,0.5433130386660416
learning,3.0.106,0.5679962191048312
learning,3.0.107,0.6154400308555588
learning,3.0.108,0.6521870072287894
learning,3.0.109,0.6342935811876498
learning,3.0.110,0.5998407714657694
learning,3.0.111,0.5867969164959914
learning,3.0.112,0.5592490042793651
learning,3.0.113,0.5333937474672901
learning,3.0.114,0.5075609475551647
learning,3.0.115,0.5207506252698965
learning,3.0.116,0.49911943626159205
learning,3.0.117,0.4850246573667617
learning,3.0.118,0.5054399630275834
learning,3.0.119,0.562582321746899
learning,3.0.120,0.5525440253005844
learning,3.0.121,0.5695716657510624
learning,3.0.122,0.5855482821151881
learning,3.0.123,0.607535501154594
learning,3.0.124,0.5938583416535128
learning,3.0.125,0.5916863995305642
learning,3.0.126,0.5986371316915092
learning,3.0.127,0.6343523136022574
learning,3.0.128,0.6268739483599183
learning,3.0.129,0.624341447810244
learning,3.0.130,0.6411990815249712
learning,3.0.131,0.6517054255986863
learning,3.0.132,0.5924219827770858
learning,3.0.133,0.5755742397449226
learning,3.0.134,0.6009231629779443
learning,3.0.135,0.592002102736819
learning,3.0.136,0.5899054714522747
learning,3.0.137,0.6275838643794769
learning,3.0.138,0.6634481709360195
learning,3.0.139,0.6304863299001963
learning,3.0.140,0.6361447720831279
learning,3.0.141,0.6133521026646538
learning,3.0.142,0.5753228310929921
learning,3.0.143,0.5348914948999637
learning,3.0.144,0.547394726011581
learning,3.0.145,0.556135089725512
learning,3.0.146,0.6041058464576722
learning,3.0.147,0.615813530052664
learning,3.0.148,0.6123960776064356
learning,3.0.149,0.6056521666148352
learning,3.1.0,0.012040841854184952
learning,3.1.1,0.006265703608378255
learning,3.1.2,0.014096279910266542
learning,3.1.3,0.004555182684148042
learning,3.1.4,0.008334537829750306
learning,3.1.5,0.010857773167061366
learning,3.1.6,0.0038908380934030047
learning,3.1.7,0.0
learning,3.1.8,0.0027243867901452744
learning,3.1.9,0.0
learning,3.1.10,0.0
learning,3.1.11,0.017663185648344952
learning,3.1.12,0.06342196726762803
learning,3.1.13,0.0613481182616066
learning,3.1.14,0.07642498002650105
learning,3.1.15,0.07394597304917677
learning,3.1.16,0.08306131803070424
learning,3.1.17,0.08343980774481238
learning,3.1.18,0.09385382002017727
learning,3.1.19,0.11696814496565261
learning,3.1.20,0.13686651991581172
learning,3.1.21,0.14587755389309862
learning,3.1.22,0.1372625592382044
learning,3.1.23,0.16429255159729908
learning,3.1.24,0.19068901792525572
learning,3.1.25,0.21290321259251968
learning,3.1.26,0.2446205708214115
learning,3.1.27,0.28407967127261025
learning,3.1.28,0.2996518327284937
learning,3.1.29,0.2948006384806645
learning,3.1.30,0.3013879166560705
learning,3.1.31,0.2994883495001626
learning,3.1.32,0.3102933500955008
learning,3.1.33,0.32111745695817395
learning,3.1.34,0.3337699615243523
learning,3.1.35,0.35780945403734943
learning,3.1.36,0.3850339512359315
learning,3.1.37,0.38401002541678525
learning,3.1.38,0.4059741089489616
learning,3.1.39,0.4179853325734806
learning,3.1.40,0.4373649544516796
learning,3.1.41,0.42309476480691854
learning,3.1.42,0.44364743534127327
learning,3.1.43,0.4486028716219515
learning,3.1.44,0.4659464838560297
learning,3.1.45,0.4582359123085567
learning,3.1.46,0.4844258492583606
learning,3.1.47,0.4977494984869415
learning,3.1.48,0.49796911762600704
learning,3.1.49,0.525052007568194
learning,3.1.50,0.5354246933555018
learning,3.1.51,0.5214028269754132
learning,3.1.52,0.5362817117487955
learning,3.1.53,0.5427193291177813
learning,3.1.54,0.544997730403367
learning,3.1.55,0.5611669551432542
learning,3.1.56,0.5885316142127889
learning,3.1.57,0.5786717611946105
learning,3.1.58,0.5832653804736492
learning,3.1.59,0.5711808695942637
learning,3.1.60,0.5742427671795067
learning,3.1.61,0.5715648132927893
learning,3.1.62,0.5789456572645115
learning,3.1.63,0.5874547921260935
learning,3.1.64,0.5745376455501413
learning,3.1.65,0.5609684830322754
learning,3.1.66,0.5782480668438046
learning,3.1.67,0.5943466318626822
learning,3.1.68,0.5950170652488205
learning,3.1.69,0.6364306990468199
learning,3.1.70,0.667503374445557
learning,3.1.71,0.6694377214503899
learning,3.1.72,0.6702668696724071
learning,3.1.73,0.6896135891917542
learning,3.1.74,0.6952198268628649
learning,3.1.75,0.7001303987853106
learning,3.1.76,0.6814553747378075
learning,3.1.77,0.6711993360759637
learning,3.1.78,0.6817659990721079
learning,3.1.79,0.6539346499590984
learning,3.1.80,0.6522504169625387
learning,3.1.81,0.6727553865273856
learning,3.1.82,0.705197323540357
learning,3.1.83,0.7168622374696837
learning,3.1.84,0.7224245468641116
learning,3.1.85,0.7479777849888458
learning,3.1.86,0.7575709433713818
learning,3.1.87,0.7428558894450498
learning,3.1.88,0.7372730624009052
learning,3.1.89,0.7405310859960968
learning,3.1.90,0.7246867006627434
learning,3.1.91,0.7179806981300422
learning,3.1.92,0.7155250220848656
learning,3.1.93,0.704174596563399
learning,3.1.94,0.7016785175705438
learning,3.1.95,0.6955108024336012
learning,3.1.96,0.6987432511867034
learning,3.1.97,0.7038639989672365
learning,3.1.98,0.7316022837902524
learning,3.1.99,0.7479985096821584
learning,3.1.100,0.746017379923502
learning,3.1.101,0.7551550822741555
learning,3.1.102,0.7560861934717191
learning,3.1.103,0.7453132688881206
learning,3.1.104,0.767429338543965
learning,3.1.105,0.7604525760012485
learning,3.1.106,0.7650329996949796
learning,3.1.107,0.7750188012972614
learning,3.1.108,0.7733948625100651
learning,3.1.109,0.7701258104628396
learning,3.1.110,0.7743257829483148
learning,3.1.111,0.7716303815756799
learning,3.1.112,0.7860098713630459
learning,3.1.113,0.7953770764349607
learning,3.1.114,0.8028491025951462
learning,3.1.115,0.8124340037190091
learning,3.1.116,0.8152030936414907
learning,3.1.117,0.8235086551539283
learning,3.1.118,0.8003764179995965
learning,3.1.119,0.8094943576239568
learning,3.1.120,0.8257679862124594
learning,3.1.121,0.8101410944415953
learning,3.1.122,0.7893291274282797
learning,3.1.123,0.8119199815961191
learning,3.1.124,0.7687764311974558
learning,3.1.125,0.7725782017210793
learning,3.1.126,0.7735503660854932
learning,3.1.127,0.7865163088644654
learning,3.1.128,0.8018673027996427
learning,3.1.129,0.825347640744001
learning,3.1.130,0.8158109138386713
learning,3.1.131,0.833489004836578
learning,3.1.132,0.8228500877533165
learning,3.1.133,0.8135852903304249
learning,3.1.134,0.8153153584777543
learning,3.1.135,0.8274050878180218
learning,3.1.136,0.8353812531964813
learning,3.1.137,0.8394404990685765
learning,3.1.138,0.8319474411859911
learning,3.1.139,0.8093283735608182
learning,3.1.140,0.8122411203850619
learning,3.1.141,0.8217407363255879
learning,3.1.142,0.8213694007857126
learning,3.1.143,0.8457541119933131
learning,3.1.144,0.8774665258236422
learning,3.1.145,0.8818308811429084
learning,3.1.146,0.8810990255338892
learning,3.1.147,0.885070930497026
learning,3.1.148,0.8628873423218856
learning,3.1.149,0.8571969455059817
learning,3.2.0,0.05912188468269413
learning,3.2.1,0.03235818347657017
learning,3.2.2,0.0035353729862320285
learning,3.2.3,0.0003257907445079547
learning,3.2.4,0.008415928729957861
learning,3.2.5,0.004332029416158109
learning,3.2.6,0.03946315535582855
learning,3.2.7,0.06583682418746142
learning,3.2.8,0.06977622603283747
learning,3.2.9,0.06124779414406105
learning,3.2.10,0.047215124491793284
learning,3.2.11,0.06675633260352243
learning,3.2.12,0.09458435902077478
learning,3.2.13,0.11406497437788819
learning,3.2.14,0.13744426828713233
learning,3.2.15,0.1851170979173633
learning,3.2.16,0.2135881128831443
learning,3.2.17,0.23089869789388248
learning,3.2.18,0.24567100408273704
learning,3.2.19,0.2685935314000001
learning,3.2.20,0.2859225412543847
learning,3.2.21,0.31049926217621865
learning,3.2.22,0.3210554136882803
learning,3.2.23,0.36353135505131895
learning,3.2.24,0.3870412835284617
learning,3.2.25,0.40964751152219825
learning,3.2.26,0.40559856877498374
learning,3.2.27,0.43444224296773026
learning,3.2.28,0.44273398520168433
learning,3.2.29,0.46377562411538475
learning,3.2.30,0.46659755922602336
learning,3.2.31,0.4854109705934114
learning,3.2.32,0.5030761454107852
learning,3.2.33,0.526627627022529
learning,3.2.34,0.5189174978616572
learning,3.2.35,0.5360676915517949
learning,3.2.36,0.5580618856213393
learning,3.2.37,0.5789119134673438
learning,3.2.38,0.5714911024498459
learning,3.2.39,0.5953211763998675
learning,3.2.40,0.5983052729140923
learning,3.2.41,0.6114359565987286
learning,3.2.42,0.6228495141636111
learning,3.2.43,0.6293742038119244
learning,3.2.44,0.640905051333365
learning,3.2.45,0.6514666031583519
learning,3.2.46,0.6547841738122181
learning,3.2.47,0.6591959377320815
learning,3.2.48,0.69492468284622
learning,3.2.49,0.704661295393166
learning,3.2.50,0.7291243347265544
learning,3.2.51,0.7341083895140726
learning,3.2.52,0.7357080602398773
learning,3.2.53,0.7364664281984112
learning,3.2.54,0.7495112624256419
learning,3.2.55,0.7524187551967767
learning,3.2.56,0.777619110732637
learning,3.2.57,0.7867022088409836
learning,3.2.58,0.7792895814305195
learning,3.2.59,0.7712606739960981
learning,3.2.60,0.7695099292849126
learning,3.2.61,0.7534308678538816
learning,3.2.62,0.7492803123167359
learning,3.2.63,0.7482481662596131
learning,3.2.64,0.7542373920573018
learning,3.2.65,0.7401607421479012
learning,3.2.66,0.7631383061779309
learning,3.2.67,0.779682109168025
learning,3.2.68,0.7825073933352905
learning,3.2.69,0.7970241836161152
learning,3.2.70,0.8234576435564536
learning,3.2.71,0.8222844229787546
learning,3.2.72,0.8188946549393402
learning,3.2.73,0.8405414658937949
learning,3.2.74,0.8503440542778772
learning,3.2.75,0.8742900455586938
learning,3.2.76,0.8927018879209627
learning,3.2.77,0.9046928033308091
learning,3.2.78,0.9060026239434433
learning,3.2.79,0.9069893731587808
learning,3.2.80,0.9105122131176852
learning,3.2.81,0.9070741069803284
learning,3.2.82,0.8994109151709679
learning,3.2.83,0.8998915398777034
learning,3.2.84,0.9097553832014917
learning,3.2.85,0.8887761005515336
learning,3.2.86,0.8691875306025966
learning,3.2.87,0.8769575831178144
learning,3.2.88,0.8844946480169742
learning,3.2.89,0.8706202948700422
learning,3.2.90,0.8799021766567424
learning,3.2.91,0.8993390609827849
learning,3.2.92,0.9077219178289307
learning,3.2.93,0.9024527123954014
learning,3.2.94,0.9256681195713574
learning,3.2.95,0.9404515807467055
learning,3.2.96,0.9503887598356167
learning,3.2.97,0.9511043806886612
learning,3.2.98,0.9765185092369902
learning,3.2.99,0.9652653273252924
learning,3.2.100,0.9481777586769284
learning,3.2.101,0.9400035283597504
learning,3.2.102,0.9289611872810032
learning,3.2.103,0.9143973695169991
learning,3.2.104,0.9108449384572809
learning,3.2.105,0.913508785963979
learning,3.2.106,0.9099014242713745
learning,3.2.107,0.9288843648481492
learning,3.2.108,0.9323332668653327
learning,3.2.109,0.9350594885412691
learning,3.2.110,0.9524894601675775
learning,3.2.111,0.9651480528697373
learning,3.2.112,0.9672498101871916
learning,3.2.113,0.9641237293824106
learning,3.2.114,0.9849662735491991
learning,3.2.115,0.972354921481821
learning,3.2.116,0.9681713617095986
learning,3.2.117,0.9513589265653764
learning,3.2.118,0.9494676987023535
learning,3.2.119,0.9431363068311858
learning,3.2.120,0.9434207823154527
learning,3.2.121,0.9385117684020015
learning,3.2.122,0.9632979983338826
learning,3.2.123,0.9631666772599629
learning,3.2.124,0.9633745609654315
learning,3.2.125,0.9698972622679837
learning,3.2.126,0.9605592040370061
learning,3.2.127,0.9591769390429026
learning,3.2.128,0.9499522039592446
learning,3.2.129,0.9322319822366112
learning,3.2.130,0.9408615938834727
learning,3.2.131,0.9462227868016592
learning,3.2.132,0.9320104300152219
learning,3.2.133,0.9672707223904226
learning,3.2.134,0.9620462425430523
learning,3.2.135,0.9484465212781094
learning,3.2.136,0.9506197479294206
learning,3.2.137,0.9600041164588455
learning,3.2.138,0.9495881385757213
learning,3.2.139,0.9593107420350198
learning,3.2.140,0.9799228969981104
learning,3.2.141,0.9887919446132837
learning,3.2.142,0.9692778024653498
learning,3.2.143,0.9491811419305992
learning,3.2.144,0.9649193290961676
learning,3.2.145,0.9547821242678403
learning,3.2.146,0.962368719432682
learning,3.2.147,0.9843555485401402
learning,3.2.148,1.0
learning,3.2.149,0.9962974518361238
learning,4.0.0,0.005631895115260903
learning,4.0.1,0.0
learning,4.0.2,0.0
learning,4.0.3,0.004632290122450268
learning,4.0.4,0.0
learning,4.0.5,0.0
learning,4.0.6,0.0
learning,4.0.7,0.0
learning,4.0.8,0.0
learning,4.0.9,0.0
learning,4.0.10,0.004620982086573145
learning,4.0.11,0.024302203628755566
learning,4.0.12,0.033399252436421056
learning,4.0.13,0.06676547142952487
learning,4.0.14,0.06676041667342983
learning,4.0.15,0.07860836338413693
learning,4.0.16,0.0846056583558814
learning,4.0.17,0.0779124811867569
learning,4.0.18,0.09470833613068946
learning,4.0.19,0.0990715311684158
learning,4.0.20,0.09278296809300869
learning,4.0.21,0.13288343887641202
learning,4.0.22,0.13495664455342893
learning,4.0.23,0.12117369007522605
learning,4.0.24,0.10254425991516976
learning,4.0.25,0.06533612106835983
learning,4.0.26,0.0630822105800198
learning,4.0.27,0.0766768600761138
learning,4.0.28,0.0782931937181616
learning,4.0.29,0.10653901912386576
learning,4.0.30,0.16680988497855131
learning,4.0.31,0.13388553704396963
learning,4.0.32,0.13810834781208606
learning,4.0.33,0.16691077538593524
learning,4.0.34,0.19837877335049986
learning,4.0.35,0.19275752284561007
learning,4.0.36,0.22888846334145468
learning,4.0.37,0.25159278359362913
learning,4.0.38,0.28108329890896755
learning,4.0.39,0.2623937147438501
learning,4.0.40,0.29046864382492715
learning,4.0.41,0.31563496637805916
learning,4.0.42,0.3047825942567598
learning,4.0.43,0.2511030564291022
learning,4.0.44,0.2725043605810062
learning,4.0.45,0.2845116303626573
learning,4.0.46,0.25462746031641986
learning,4.0.47,0.2623370951307354
learning,4.0.48,0.28622148241631584
learning,4.0.49,0.31044484966698066
learning,4.0.50,0.29861803913110846
learning,4.0.51,0.318985027032698
learning,4.0.52,0.34690059494282
learning,4.0.53,0.34723485434615375
learning,4.0.54,0.35255190545399206
learning,4.0.55,0.34912708373374896
learning,4.0.56,0.3488488262491027
learning,4.0.57,0.3397121667207957
learning,4.0.58,0.3531121532759955
learning,4.0.59,0.32549307504637104
learning,4.0.60,0.3175904813870327
learning,4.0.61,0.32852505808855126
learning,4.0.62,0.33398706371852954
learning,4.0.63,0.3406090705208109
learning,4.0.64,0.3890702418940164
learning,4.0.65,0.4197139349077719
learning,4.0.66,0.42935974597193777
learning,4.0.67,0.4229327605102664
learning,4.0.68,0.4266045509037289
learning,4.0.69,0.4129448588614699
learning,4.0.70,0.42136757406505765
learning,4.0.71,0.4039748598507873
learning,4.0.72,0.41317629428002434
learning,4.0.73,0.4235606361080274
learning,4.0.74,0.41231791129225875
learning,4.0.75,0.3838442621906983
learning,4.0.76,0.426729915067673
learning,4.0.77,0.4177000450808901
learning,4.0.78,0.41335588635221043
learning,4.0.79,0.4197516940466519
learning,4.0.80,0.4363121295175256
learning,4.0.81,0.40892995162376555
learning,4.0.82,0.43480945869947496
learning,4.0.83,0.4476059977658878
learning,4.0.84,0.4558554922640757
learning,4.0.85,0.4464543870875807
learning,4.0.86,0.4729531225370491
learning,4.0.87,0.473735826253338
learning,4.0.88,0.49528301865323954
learning,4.0.89,0.4805660011593608
learning,4.0.90,0.49904268607960567
learning,4.0.91,0.48497980239627625
learning,4.0.92,0.5024123933195989
learning,4.0.93,0.5049266354298967
learning,4.0.94,0.4893165550731725
learning,4.0.95,0.4881962017044999
learning,4.0.96,0.45411410089380233
learning,4.0.97,0.45195508052821803
learning,4.0.98,0.450125131193688
learning,4.0.99,0.4853173324799892
learning,4.0.100,0.5301525710070546
learning,4.0.101,0.5627700404450641
learning,4.0.102,0.5500191857835124
learning,4.0.103,0.5382199388832098
learning,4.0.104,0.5543673932474515
learning,4.0.105,0.5433670290001951
learning,4.0.106,0.5434909808356515
learning,4.0.107,0.5426479868588148
learning,4.0.108,0.5581972678769861
learning,4.0.109,0.5438540536505614
learning,4.0.110,0.5442071297087286
learning,4.0.111,0.5790417676812912
learning,4.0.112,0.5725499219497281
learning,4.0.113,0.5721527175693355
learning,4.0.114,0.5954155769796635
learning,4.0.115,0.6094544561921779
learning,4.0.116,0.6004915136022048
learning,4.0.117,0.6302734420449584
learning,4.0.118,0.5979253499561036
learning,4.0.119,0.6032705763568349
learning,4.0.120,0.5751828829178595
learning,4.0.121,0.591661300301632
learning,4.0.122,0.6002803858863722
learning,4.0.123,0.6292772738438871
learning,4.0.124,0.6391348901260371
learning,4.0.125,0.6511566076742585
learning,4.0.126,0.6285527986204626
learning,4.0.127,0.6156432072127791
learning,4.0.128,0.6438900895898759
learning,4.0.129,0.6109760712839419
learning,4.0.130,0.6049302662863789
learning,4.0.131,0.591640135846248
learning,4.0.132,0.6029558789712353
learning,4.0.133,0.5776708809659191
learning,4.0.134,0.5730656226897334
learning,4.0.135,0.5933975939066229
learning,4.0.136,0.6318502789823884
learning,4.0.137,0.6138509001215543
learning,4.0.138,0.6079961180340381
learning,4.0.139,0.6000469907388828
learning,4.0.140,0.5669792656720345
learning,4.0.141,0.5750902468912295
learning,4.0.142,0.5856750843116059
learning,4.0.143,0.6044676251235389
learning,4.0.144,0.6437228414725762
learning,4.0.145,0.6438080370385534
learning,4.0.146,0.6070093078905896
learning,4.0.147,0.6101343737364
learning,4.0.148,0.6046659873487187
learning,4.0.149,0.5988377043992941
learning,4.1.0,0.07631982947095733
learning,4.1.1,0.07276393861972091
learning,4.1.2,0.07814505307877581
learning,4.1.3,0.06957001120482698
learning,4.1.4,0.07341685924131933
learning,4.1.5,0.06016317637915426
learning,4.1.6,0.049268805005565824
learning,4.1.7,0.051395829627279295
learning,4.1.8,0.037393356382286094
learning,4.1.9,0.02927425415382731
learning,4.1.10,0.024787522732223056
learning,4.1.11,0.025211848162714434
learning,4.1.12,0.008221386759862705
learning,4.1.13,0.013223725307281123
learning,4.1.14,0.010213045782939571
learning,4.1.15,0.024038482916599452
learning,4.1.16,0.03409343131242246
learning,4.1.17,0.0658120652371593
learning,4.1.18,0.08960086544252062
learning,4.1.19,0.12813633653810647
learning,4.1.20,0.13407032729726914
learning,4.1.21,0.16464228473206163
learning,4.1.22,0.18758695839036615
learning,4.1.23,0.2309417300500042
learning,4.1.24,0.21950654087893154
learning,4.1.25,0.23647353212072372
learning,4.1.26,0.25957087170046794
learning,4.1.27,0.2435562995538421
learning,4.1.28,0.22682315432605887
learning,4.1.29,0.2582458760920443
learning,4.1.30,0.29948045078099234
learning,4.1.31,0.2983886876749122
learning,4.1.32,0.32008972419020093
learning,4.1.33,0.34621060881560556
learning,4.1.34,0.37704346378705483
learning,4.1.35,0.356996118257483
learning,4.1.36,0.3704331504204507
learning,4.1.37,0.37312226691726125
learning,4.1.38,0.368632895817185
learning,4.1.39,0.35362672657633637
learning,4.1.40,0.39669534128536044
learning,4.1.41,0.4002220400736746
learning,4.1.42,0.4306966890349853
learning,4.1.43,0.4385261708734382
learning,4.1.44,0.44274673318298186
learning,4.1.45,0.4263449170849405
learning,4.1.46,0.4498013490403069
learning,4.1.47,0.45161806797053716
learning,4.1.48,0.48559203005801926
learning,4.1.49,0.5074875576202362
learning,4.1.50,0.5111034686187016
learning,4.1.51,0.5053991260850186
learning,4.1.52,0.5307281847597959
learning,4.1.53,0.5275388181258581
learning,4.1.54,0.5311015684748961
learning,4.1.55,0.575091586510833
learning,4.1.56,0.5735923133131142
learning,4.1.57,0.5519024008169535
learning,4.1.58,0.5491732186944701
learning,4.1.59,0.5721722002622881
learning,4.1.60,0.5469526783737579
learning,4.1.61,0.5650120783761602
learning,4.1.62,0.5798677643920773
learning,4.1.63,0.5840952797877166
learning,4.1.64,0.583145883021226
learning,4.1.65,0.597618285443908
learning,4.1.66,0.6206867251761804
learning,4.1.67,0.6417415673824414
learning,4.1.68,0.6478990526288826
learning,4.1.69,0.6502478435226529
learning,4.1.70,0.649259882834876
learning,4.1.71,0.6493836566428229
learning,4.1.72,0.6507051815573808
learning,4.1.73,0.674440812378691
learning,4.1.74,0.6772621139598705
learning,4.1.75,0.6734769432584613
learning,4.1.76,0.6559177741205577
learning,4.1.77,0.6570387512240182
learning,4.1.78,0.6338574818863104
learning,4.1.79,0.6094119595719828
learning,4.1.80,0.6494302212097481
learning,4.1.81,0.6723471418833707
learning,4.1.82,0.67619527843317
learning,4.1.83,0.7095990091585931
learning,4.1.84,0.7342848879139081
learning,4.1.85,0.7128165407141194
learning,4.1.86,0.7160407417848882
learning,4.1.87,0.6830286427201434
learning,4.1.88,0.700102111840714
learning,4.1.89,0.7281074739620003
learning,4.1.90,0.7366240879042979
learning,4.1.91,0.7408402957407537
learning,4.1.92,0.7440918121540812
learning,4.1.93,0.7326085507337565
learning,4.1.94,0.7454585995761159
learning,4.1.95,0.7370623833377927
learning,4.1.96,0.7246999505520976
learning,4.1.97,0.770624038674328
learning,4.1.98,0.7669147266266815
learning,4.1.99,0.7570961114768703
learning,4.1.100,0.7696716423860616
learning,4.1.101,0.7909995383446566
learning,4.1.102,0.7648033778967247
learning,4.1.103,0.7582616460408151
learning,4.1.104,0.7435083227846256
learning,4.1.105,0.7577805027993477
learning,4.1.106,0.7526246966222879
learning,4.1.107,0.7896989134287195
learning,4.1.108,0.786388782093753
learning,4.1.109,0.7932799781099574
learning,4.1.110,0.7855648382092703
learning,4.1.111,0.7920926571818774
learning,4.1.112,0.7727254909684221
learning,4.1.113,0.786567725542641
learning,4.1.114,0.7854123267382631
learning,4.1.115,0.7865036775766995
learning,4.1.116,0.7820078449209156
learning,4.1.117,0.7630650455793649
learning,4.1.118,0.774664201310162
learning,4.1.119,0.7635903581555992
learning,4.1.120,0.7690073260089801
learning,4.1.121,0.7601674898554933
learning,4.1.122,0.8040277799292992
learning,4.1.123,0.7860596515485946
learning,4.1.124,0.7929148256407549
learning,4.1.125,0.7864652333946747
learning,4.1.126,0.7932626009177918
learning,4.1.127,0.7817016598515186
learning,4.1.128,0.7865940134756125
learning,4.1.129,0.7938426158569494
learning,4.1.130,0.7795545748469888
learning,4.1.131,0.7942951792361707
learning,4.1.132,0.7825967669474749
learning,4.1.133,0.7985772848647441
learning,4.1.134,0.7944290871838152
learning,4.1.135,0.8334756400764326
learning,4.1.136,0.8385259746359268
learning,4.1.137,0.823971412232882
learning,4.1.138,0.8047521027951197
learning,4.1.139,0.8143467706311829
learning,4.1.140,0.8197159860294209
learning,4.1.141,0.823337271923257
learning,4.1.142,0.8474671528229022
learning,4.1.143,0.8572182299636568
learning,4.1.144,0.8695768931872839
learning,4.1.145,0.86466808184829
learning,4.1.146,0.8507541317746067
learning,4.1.147,0.850826706521937
learning,4.1.148,0.8524791451743664
learning,4.1.149,0.8406400764703256
learning,4.2.0,0.0
learning,4.2.1,0.0
learning,4.2.2,0.010456210958705067
learning,4.2.3,0.0532546324168065
learning,4.2.4,0.04609534648766024
learning,4.2.5,0.03343516854817499
learning,4.2.6,0.03612844801886025
learning,4.2.7,0.044669455305346134
learning,4.2.8,0.042403764805084426
learning,4.2.9,0.028698543931674952
learning,4.2.10,0.02697182811678435
learning,4.2.11,0.04291594849628661
learning,4.2.12,0.062499904932082975
learning,4.2.13,0.04694813512846161
learning,4.2.14,0.07448771304908583
learning,4.2.15,0.09919452327078106
learning,4.2.16,0.11841574015026621
learning,4.2.17,0.1277126219532368
learning,4.2.18,0.1626739086488166
learning,4.2.19,0.20372627658522446
learning,4.2.20,0.23780239657576405
learning,4.2.21,0.2642323385457233
learning,4.2.22,0.28442874513215144
learning,4.2.23,0.3139525417641521
learning,4.2.24,0.32095055308985754
learning,4.2.25,0.3519884501488284
learning,4.2.26,0.3728164619566627
learning,4.2.27,0.389827415023061
learning,4.2.28,0.3946013323487273
learning,4.2.29,0.4266624713974836
learning,4.2.30,0.42336842065449
learning,4.2.31,0.44830250134834576
learning,4.2.32,0.45507079158714125
learning,4.2.33,0.4676027867441786
learning,4.2.34,0.4784068652297172
learning,4.2.35,0.4843927470408977
learning,4.2.36,0.4821200369575184
learning,4.2.37,0.5188571552989693
learning,4.2.38,0.5209607020049459
learning,4.2.39,0.524265996424137
learning,4.2.40,0.5284521372454716
learning,4.2.41,0.5633823682966135
learning,4.2.42,0.5674182164327982
learning,4.2.43,0.5904920003102361
learning,4.2.44,0.6070436757250609
learning,4.2.45,0.6391650219869524
learning,4.2.46,0.6487327002653287
learning,4.2.47,0.6547064241346174
learning,4.2.48,0.6592742244493937
learning,4.2.49,0.671452435425095
learning,4.2.50,0.6705613354840108
learning,4.2.51,0.6611162217696361
learning,4.2.52,0.6787654923278187
learning,4.2.53,0.6911789668546721
learning,4.2.54,0.6916893845963513
learning,4.2.55,0.7048111686291681
learning,4.2.56,0.6868219966894018
learning,4.2.57,0.7105842286539207
learning,4.2.58,0.7422941003274497
learning,4.2.59,0.7475979716491392
learning,4.2.60,0.7590435662613301
learning,4.2.61,0.8057781686804646
learning,4.2.62,0.7790837745543808
learning,4.2.63,0.7562107458692815
learning,4.2.64,0.7700881249290908
learning,4.2.65,0.7699047852222454
learning,4.2.66,0.7555513073105942
learning,4.2.67,0.7710599791266854
learning,4.2.68,0.7767894089843173
learning,4.2.69,0.7870222682540511
learning,4.2.70,0.7949102013486612
learning,4.2.71,0.813176617832862
learning,4.2.72,0.8141625605760507
learning,4.2.73,0.8239685110457093
learning,4.2.74,0.8305776163512896
learning,4.2.75,0.847619169543713
learning,4.2.76,0.8445954312712614
learning,4.2.77,0.8438109883096185
learning,4.2.78,0.8416746530368902
learning,4.2.79,0.8470764886976665
learning,4.2.80,0.8434031732934987
learning,4.2.81,0.8612591608876089
learning,4.2.82,0.8696886329543827
learning,4.2.83,0.8812217457497921
learning,4.2.84,0.8738606616517082
learning,4.2.85,0.8877458303542196
learning,4.2.86,0.8838844700487706
learning,4.2.87,0.8948855122518701
learning,4.2.88,0.8872191023812789
learning,4.2.89,0.9094038788662064
learning,4.2.90,0.9120753957444337
learning,4.2.91,0.9183648715238432
learning,4.2.92,0.9158997085874074
learning,4.2.93,0.9337930914281882
learning,4.2.94,0.928425309681286
learning,4.2.95,0.9130067966308013
learning,4.2.96,0.910402220151
learning,4.2.97,0.9189067603922155
learning,4.2.98,0.9254447760994771
learning,4.2.99,0.9192400920375604
learning,4.2.100,0.9251485320835936
learning,4.2.101,0.9290385148719664
learning,4.2.102,0.9297952784970593
learning,4.2.103,0.9302419386874478
learning,4.2.104,0.9525479724468104
learning,4.2.105,0.9365695228719365
learning,4.2.106,0.9444301538112951
learning,4.2.107,0.9397020085758635
learning,4.2.108,0.9413711990036336
learning,4.2.109,0.910136884234934
learning,4.2.110,0.9152239614187647
learning,4.2.111,0.8953458414603148
learning,4.2.112,0.9011503331945395
learning,4.2.113,0.9031836011982391
learning,4.2.114,0.9341788615290193
learning,4.2.115,0.9419889310403295
learning,4.2.116,0.9540869636085652
learning,4.2.117,0.970800719680359
learning,4.2.118,0.9605539624524599
learning,4.2.119,0.9395350085443906
learning,4.2.120,0.9516783208549601
learning,4.2.121,0.9491394656010732
learning,4.2.122,0.9268473651272837
learning,4.2.123,0.9233685535185002
learning,4.2.124,0.9329496791442558
learning,4.2.125,0.9221760143748668
learning,4.2.126,0.9306777378622336
learning,4.2.127,0.9494664134434189
learning,4.2.128,0.956037559548586
learning,4.2.129,0.9547926371410226
learning,4.2.130,0.9601864686444914
learning,4.2.131,0.9482138166328256
learning,4.2.132,0.9421074417405697
learning,4.2.133,0.9398015662797616
learning,4.2.134,0.9375084485897079
learning,4.2.135,0.9451424363105944
learning,4.2.136,0.9477164935914298
learning,4.2.137,0.9507902188412856
learning,4.2.138,0.9572911101531569
learning,4.2.139,0.9743404489566069
learning,4.2.140,0.9710955641835426
learning,4.2.141,0.9685503097880543
learning,4.2.142,0.9582140158532584
learning,4.2.143,0.9693801511610987
learning,4.2.144,0.9606201606478677
learning,4.2.145,0.9701568502906525
learning,4.2.146,0.9903192015655523
learning,4.2.147,1.0
learning,4.2.148,1.0
learning,4.2.149,1.0
learning,5.0.0,0.0
learning,5.0.1,0.01582595900797422
learning,5.0.2,0.029678577390774882
learning,5.0.3,0.06945804481945642
learning,5.0.4,0.07224981609128008
learning,5.0.5,0.08480642483477055
learning,5.0.6,0.07746199646125743
learning,5.0.7,0.0780023296944723
learning,5.0.8,0.060623504749059004
learning,5.0.9,0.06993865425271459
learning,5.0.10,0.039527016291312424
learning,5.0.11,0.016268327228229344
learning,5.0.12,0.01618624884310041
learning,5.0.13,0.044129353408038516
learning,5.0.14,0.01802620315136292
learning,5.0.15,0.04905710566967447
learning,5.0.16,0.0639628387571118
learning,5.0.17,0.04766527687395555
learning,5.0.18,0.037124434052904116
learning,5.0.19,0.04336515276322626
learning,5.0.20,0.06440808947954998
learning,5.0.21,0.1048691298751088
learning,5.0.22,0.11484485735279645
learning,5.0.23,0.10808918086165176
learning,5.0.24,0.13254206384724415
learning,5.0.25,0.10208397958303886
learning,5.0.26,0.10823785395851755
learning,5.0.27,0.14717999436044932
learning,5.0.28,0.1500965852120635
learning,5.0.29,0.14761675489214746
learning,5.0.30,0.16313725835039622
learning,5.0.31,0.16592564621095923
learning,5.0.32,0.12529191730303868
learning,5.0.33,0.13045732749891958
learning,5.0.34,0.15116001519020458
learning,5.0.35,0.1749073530679277
learning,5.0.36,0.1627892551189638
learning,5.0.37,0.18167246308370585
learning,5.0.38,0.19815196963221812
learning,5.0.39,0.17819392013201651
learning,5.0.40,0.15523602068020143
learning,5.0.41,0.19631392620981825
learning,5.0.42,0.23633430863905022
learning,5.0.43,0.24171868966118287
learning,5.0.44,0.29060890100713455
learning,5.0.45,0.30632808295894665
learning,5.0.46,0.2852705602267474
learning,5.0.47,0.3003071960852784
learning,5.0.48,0.2964961454139061
learning,5.0.49,0.2973600831489195
learning,5.0.50,0.31191598202125836
learning,5.0.51,0.32804362126029274
learning,5.0.52,0.3054931915926241
learning,5.0.53,0.3068043386616016
learning,5.0.54,0.2693196072527481
learning,5.0.55,0.2693415662105685
learning,5.0.56,0.2752596292882119
learning,5.0.57,0.3060663811830541
learning,5.0.58,0.3423063846819235
learning,5.0.59,0.3801008250555449
learning,5.0.60,0.4248850210952553
learning,5.0.61,0.40325915974935383
learning,5.0.62,0.3830868013039958
learning,5.0.63,0.3579285232505048
learning,5.0.64,0.3451602690295231
learning,5.0.65,0.3068594025240675
learning,5.0.66,0.30464278027615
learning,5.0.67,0.31148746816978284
learning,5.0.68,0.35261426027025505
learning,5.0.69,0.38361351663471893
learning,5.0.70,0.4015955653217887
learning,5.0.71,0.44056053963164943
learning,5.0.72,0.46091683802009287
learning,5.0.73,0.4345723712538966
learning,5.0.74,0.4246716149778977
learning,5.0.75,0.4340367598007736
learning,5.0.76,0.4437360349228879
learning,5.0.77,0.43645240759866843
learning,5.0.78,0.4183347955498776
learning,5.0.79,0.4101757231493822
learning,5.0.80,0.41593175402039995
learning,5.0.81,0.39890473361294365
learning,5.0.82,0.3854844425477688
learning,5.0.83,0.4298829585473049
learning,5.0.84,0.4211674715968009
learning,5.0.85,0.44827510865713527
learning,5.0.86,0.4258366264285273
learning,5.0.87,0.429045003992269
learning,5.0.88,0.4224831461958535
learning,5.0.89,0.4534305204032531
learning,5.0.90,0.42539924514821137
learning,5.0.91,0.42993507189791996
learning,5.0.92,0.4438500007646146
learning,5.0.93,0.4420235210953999
learning,5.0.94,0.45896602608865233
learning,5.0.95,0.41974561767565344
learning,5.0.96,0.43948219964232016
learning,5.0.97,0.4389354531028161
learning,5.0.98,0.450975603906743
learning,5.0.99,0.44883871733146313
learning,5.0.100,0.509561899862488
learning,5.0.101,0.506201965732341
learning,5.0.102,0.522902150654305
learning,5.0.103,0.5321259772052086
learning,5.0.104,0.49555779961286145
learning,5.0.105,0.49718236611350486
learning,5.0.106,0.5237047679518568
learning,5.0.107,0.5103451619860899
learning,5.0.108,0.5011740650118514
learning,5.0.109,0.5402921921417542
learning,5.0.110,0.5133335307845971
learning,5.0.111,0.4877923868591266
learning,5.0.112,0.5085544026464287
learning,5.0.113,0.5224877457003605
learning,5.0.114,0.5267857701785602
learning,5.0.115,0.5405935721415692
learning,5.0.116,0.5433995686557327
learning,5.0.117,0.5411451162892851
learning,5.0.118,0.5463182085393257
learning,5.0.119,0.5463865759089187
learning,5.0.120,0.5731649729594368
learning,5.0.121,0.6088199759613616
learning,5.0.122,0.6296482735809047
learning,5.0.123,0.6228028090597005
learning,5.0.124,0.619208200487338
learning,5.0.125,0.5970157672432096
learning,5.0.126,0.5765423626650343
learning,5.0.127,0.5619277509415508
learning,5.0.128,0.5672040925478466
learning,5.0.129,0.5577991012749308
learning,5.0.130,0.545450491635284
learning,5.0.131,0.5717257182932852
learning,5.0.132,0.57458747027881
learning,5.0.133,0.5797752030745761
learning,5.0.134,0.6052063382818054
learning,5.0.135,0.6335358808383942
learning,5.0.136,0.646458091830796
learning,5.0.137,0.6406652636231843
learning,5.0.138,0.6245231664959947
learning,5.0.139,0.5939832673531704
learning,5.0.140,0.5813422806018911
learning,5.0.141,0.5621253415853208
learning,5.0.142,0.5772577054818819
learning,5.0.143,0.5760892922835018
learning,5.0.144,0.5900686021212538
learning,5.0.145,0.6026308553818444
learning,5.0.146,0.599902777907944
learning,5.0.147,0.5772267731810482
learning,5.0.148,0.5729798953038427
learning,5.0.149,0.5593002806149444
learning,5.1.0,0.12432816363125569
learning,5.1.1,0.10039867687161347
learning,5.1.2,0.0935443885925226
learning,5.1.3,0.08207632442930414
learning,5.1.4,0.06999642714142151
learning,5.1.5,0.05900716188454663
learning,5.1.6,0.0657067998589129
learning,5.1.7,0.05209564828739883
learning,5.1.8,0.05179503682525556
learning,5.1.9,0.051723243969614516
learning,5.1.10,0.0482796791458898
learning,5.1.11,0.03372893598433989
learning,5.1.12,0.03966467180500133
learning,5.1.13,0.027211193280760493
learning,5.1.14,0.01650360011939564
learning,5.1.15,0.042684738860166827
learning,5.1.16,0.0327273446196564
learning,5.1.17,0.024298345508949507
learning,5.1.18,0.031690916228874794
learning,5.1.19,0.07221057937028325
learning,5.1.20,0.04969305429040506
learning,5.1.21,0.06517078795847706
learning,5.1.22,0.091856247954341
learning,5.1.23,0.12238654079650749
learning,5.1.24,0.13341655081277282
learning,5.1.25,0.14166856555907648
learning,5.1.26,0.1616103338057468
learning,5.1.27,0.1623059468192824
learning,5.1.28,0.17633383818272874
learning,5.1.29,0.192262264846716
learning,5.1.30,0.22461415963343398
learning,5.1.31,0.2392282028002003
learning,5.1.32,0.24939037057275698
learning,5.1.33,0.26676575715657297
learning,5.1.34,0.29606124336705586
learning,5.1.35,0.3051583046110164
learning,5.1.36,0.32627777422393495
learning,5.1.37,0.3328971015693904
learning,5.1.38,0.33095978116735686
learning,5.1.39,0.3335644338545163
learning,5.1.40,0.3489566587577141
learning,5.1.41,0.3671093270103742
learning,5.1.42,0.3735785523269259
learning,5.1.43,0.3826061815842326
learning,5.1.44,0.39322044204217016
learning,5.1.45,0.3682941744104746
learning,5.1.46,0.3651533502329449
learning,5.1.47,0.37971213262720205
learning,5.1.48,0.3864326465143443
learning,5.1.49,0.38927307108521664
learning,5.1.50,0.4419036132662654
learning,5.1.51,0.4353645981551436
learning,5.1.52,0.4571193726857235
learning,5.1.53,0.4710543372168795
learning,5.1.54,0.4686403941938
learning,5.1.55,0.4635937860947361
learning,5.1.56,0.5017357541331438
learning,5.1.57,0.5026459348802046
learning,5.1.58,0.518783829566747
learning,5.1.59,0.5354860530532627
learning,5.1.60,0.5726382769905769
learning,5.1.61,0.5768101056546127
learning,5.1.62,0.5643577441489811
learning,5.1.63,0.5516207332185762
learning,5.1.64,0.5746810128640756
learning,5.1.65,0.5656031729960305
learning,5.1.66,0.5582611075616867
learning,5.1.67,0.5970495650244003
learning,5.1.68,0.6150322658213166
learning,5.1.69,0.6018068832784632
learning,5.1.70,0.6214386536212178
learning,5.1.71,0.665858091677034
learning,5.1.72,0.6506918631415364
learning,5.1.73,0.6722575579670057
learning,5.1.74,0.689105190841236
learning,5.1.75,0.6798686970661753
learning,5.1.76,0.6635130252515914
learning,5.1.77,0.6794630199199355
learning,5.1.78,0.6709741339655485
learning,5.1.79,0.6709589876032537
learning,5.1.80,0.6736605202765156
learning,5.1.81,0.6587478729025164
learning,5.1.82,0.6650458924337486
learning,5.1.83,0.6872134106134197
learning,5.1.84,0.6686102007247764
learning,5.1.85,0.6706002431295709
learning,5.1.86,0.6870061744832571
learning,5.1.87,0.689065101582062
learning,5.1.88,0.6668842784061939
learning,5.1.89,0.7126224564425545
learning,5.1.90,0.7048281132657999
learning,5.1.91,0.7013949017535168
learning,5.1.92,0.6968754530437993
learning,5.1.93,0.6917933682025293
learning,5.1.94,0.6879034857170111
learning,5.1.95,0.6973631966313837
learning,5.1.96,0.7156601119386828
learning,5.1.97,0.7315774494750753
learning,5.1.98,0.7603666251462404
learning,5.1.99,0.781660543197831
learning,5.1.100,0.8031392529126878
learning,5.1.101,0.7884328646736193
learning,5.1.102,0.7651730015278833
learning,5.1.103,0.7481393498825658
learning,5.1.104,0.7127462418200197
learning,5.1.105,0.7240912239659006
learning,5.1.106,0.7060157098515468
learning,5.1.107,0.7439201518108245
learning,5.1.108,0.7583685260684627
learning,5.1.109,0.7679437525327161
learning,5.1.110,0.7349304069497262
learning,5.1.111,0.7735583968897768
learning,5.1.112,0.7593578550885715
learning,5.1.113,0.7462801617727567
learning,5.1.114,0.7536139685952469
learning,5.1.115,0.7687090402603058
learning,5.1.116,0.7645591890060791
learning,5.1.117,0.7671586654697053
learning,5.1.118,0.7845822205017211
learning,5.1.119,0.7783070486344827
learning,5.1.120,0.7855249525022818
learning,5.1.121,0.7952680954125506
learning,5.1.122,0.7693672993760977
learning,5.1.123,0.7652457627285211
learning,5.1.124,0.7589481437037882
learning,5.1.125,0.7551184441763255
learning,5.1.126,0.7433547708516504
learning,5.1.127,0.7662838575322952
learning,5.1.128,0.755420956845487
learning,5.1.129,0.7847768190974178
learning,5.1.130,0.7852689868832434
learning,5.1.131,0.7871422911420132
learning,5.1.132,0.7867557884564107
learning,5.1.133,0.8129725729356655
learning,5.1.134,0.8079271755068904
learning,5.1.135,0.8151501012711145
learning,5.1.136,0.8318805273669387
learning,5.1.137,0.8397748065878264
learning,5.1.138,0.8307396073892547
learning,5.1.139,0.8203602826748666
learning,5.1.140,0.8322794456335261
learning,5.1.141,0.8192471487179132
learning,5.1.142,0.818017491937378
learning,5.1.143,0.8230427934631269
learning,5.1.144,0.8241999833427095
learning,5.1.145,0.8241853413398545
learning,5.1.146,0.8320357720508111
learning,5.1.147,0.8602570636122528
learning,5.1.148,0.8814671298399962
learning,5.1.149,0.9071408897939275
learning,5.2.0,0.0
learning,5.2.1,0.0
learning,5.2.2,0.017706549172178867
learning,5.2.3,0.038958808374299964
learning,5.2.4,0.05287837436995632
learning,5.2.5,0.040010170527238265
learning,5.2.6,0.043451772449479224
learning,5.2.7,0.04243429913780785
learning,5.2.8,0.03335834533923976
learning,5.2.9,0.016453332277330424
learning,5.2.10,0.008813466277879031
learning,5.2.11,0.012078257964903097
learning,5.2.12,0.017874323214314463
learning,5.2.13,0.04713757553924269
learning,5.2.14,0.05960257721157939
learning,5.2.15,0.06535226105429492
learning,5.2.16,0.05796973301980035
learning,5.2.17,0.08182467196515661
learning,5.2.18,0.09498222643503237
learning,5.2.19,0.11955420286897077
learning,5.2.20,0.14857931938691776
learning,5.2.21,0.1811264288308815
learning,5.2.22,0.2077565045677965
learning,5.2.23,0.22433408234683958
learning,5.2.24,0.24162930058857301
learning,5.2.25,0.2759331827921895
learning,5.2.26,0.3121011785737341
learning,5.2.27,0.3267119310079803
learning,5.2.28,0.3552998156929768
learning,5.2.29,0.37101385245446106
learning,5.2.30,0.3756350114231214
learning,5.2.31,0.38444587361437876
learning,5.2.32,0.40857866209746724
learning,5.2.33,0.40969290299486383
learning,5.2.34,0.4421518781444444
learning,5.2.35,0.457588984916939
learning,5.2.36,0.4641491987008838
learning,5.2.37,0.47489624912318923
learning,5.2.38,0.4949891545456741
learning,5.2.39,0.5187401120950603
learning,5.2.40,0.539003913598449
learning,5.2.41,0.5621992160991078
learning,5.2.42,0.5774304576755616
learning,5.2.43,0.6014274501376903
learning,5.2.44,0.5991311182817222
learning,5.2.45,0.6052167529943665
learning,5.2.46,0.6140213331417678
learning,5.2.47,0.6284351788731491
learning,5.2.48,0.6137295975421158
learning,5.2.49,0.6235231130546002
learning,5.2.50,0.6238875020538144
learning,5.2.51,0.6297230445555897
learning,5.2.52,0.6393358923888365
learning,5.2.53,0.6718042462959662
learning,5.2.54,0.6825988536547569
learning,5.2.55,0.6994639974463532
learning,5.2.56,0.7158828988862669
learning,5.2.57,0.7320552619657796
learning,5.2.58,0.7191563976392653
learning,5.2.59,0.7117879704244158
learning,5.2.60,0.7311226766361726
learning,5.2.61,0.7308502817185691
learning,5.2.62,0.7531244229345168
learning,5.2.63,0.7824553120451438
learning,5.2.64,0.7909503207975543
learning,5.2.65,0.7879968297979731
learning,5.2.66,0.7813609269030446
learning,5.2.67,0.761113019226187
learning,5.2.68,0.7651678549590648
learning,5.2.69,0.7815265793278888
learning,5.2.70,0.7905401664479714
learning,5.2.71,0.8125289930770853
learning,5.2.72,0.8260708095312985
learning,5.2.73,0.8298003231806671
learning,5.2.74,0.8370481286316563
learning,5.2.75,0.8484297036537539
learning,5.2.76,0.8507247893659712
learning,5.2.77,0.8428947699389996
learning,5.2.78,0.8451088188798572
learning,5.2.79,0.8523827099381484
learning,5.2.80,0.8573833090658687
learning,5.2.81,0.8538231130471715
learning,5.2.82,0.8638971257732037
learning,5.2.83,0.8688272585588255
learning,5.2.84,0.8612711717538307
learning,5.2.85,0.8597078922300501
learning,5.2.86,0.8875366581624601
learning,5.2.87,0.8923248944276667
learning,5.2.88,0.9065456835197063
learning,5.2.89,0.909295580881345
learning,5.2.90,0.9167645653841978
learning,5.2.91,0.9102127888895167
learning,5.2.92,0.9195950978029636
learning,5.2.93,0.9079743148687918
learning,5.2.94,0.9108723134866382
learning,5.2.95,0.9006192922637509
learning,5.2.96,0.8924654712623089
learning,5.2.97,0.8748989017675274
learning,5.2.98,0.8755256405610227
learning,5.2.99,0.8912717451925414
learning,5.2.100,0.9069601232387905
learning,5.2.101,0.9335432699693509
learning,5.2.102,0.9486842599984419
learning,5.2.103,0.9457161382967203
learning,5.2.104,0.9411278346515635
learning,5.2.105,0.9388957941031646
learning,5.2.106,0.9382915322242441
learning,5.2.107,0.956629447528994
learning,5.2.108,0.9519668473986785
learning,5.2.109,0.9473257471037538
learning,5.2.110,0.9543905999233476
learning,5.2.111,0.9387442896163346
learning,5.2.112,0.9226216232325476
learning,5.2.113,0.929106382707732
learning,5.2.114,0.9369787569869634
learning,5.2.115,0.9305491496490139
learning,5.2.116,0.9283300431832877
learning,5.2.117,0.9278057238359669
learning,5.2.118,0.9316623561426861
learning,5.2.119,0.9186324710815771
learning,5.2.120,0.9205405668286466
learning,5.2.121,0.9340952465347628
learning,5.2.122,0.9539763007209477
learning,5.2.123,0.95761860029765
learning,5.2.124,0.9593911084879695
learning,5.2.125,0.9611597075788815
learning,5.2.126,0.9734774063216369
learning,5.2.127,0.9599348729029467
learning,5.2.128,0.9963462550923513
learning,5.2.129,1.0
learning,5.2.130,1.0
learning,5.2.131,0.9828705623971312
learning,5.2.132,0.9850721481893802
learning,5.2.133,0.9452080909087521
learning,5.2.134,0.9332670317058763
learning,5.2.135,0.9406287553820244
learning,5.2.136,0.9455016595657255
learning,5.2.137,0.9395170027866772
learning,5.2.138,0.950425858319241
learning,5.2.139,0.9436950669553076
learning,5.2.140,0.926239892338309
learning,5.2.141,0.9167037878247165
learning,5.2.142,0.922323216084572
learning,5.2.143,0.9263314403574388
learning,5.2.144,0.9184716192641599
learning,5.2.145,0.9331956353287538
learning,5.2.146,0.9250145616935465
learning,5.2.147,0.9324564734633471
learning,5.2.148,0.9377908448315352
learning,5.2.149,0.9742318172457339
response,0.0,95.95194065011678
response,0.1,94.96084904705673
response,0.2,93.67881531947624
response,0.3,93.02079478461523
response,0.4,92.2675107590567
response,0.5,93.30925762106003
response,0.6,93.45020268468032
response,0.7,93.12929052059562
response,0.8,92.68567450003877
response,0.9,92.4917991729513
response,0.10,91.02135587301966
response,0.11,90.57917619983388
response,0.12,90.68533768389068
response,0.13,90.51130723934462
response,0.14,89.80621806682755
response,0.15,88.98223311865647
response,0.16,87.86046764231227
response,0.17,87.61140947012225
response,0.18,86.38445866437571
response,0.19,85.56774178007035
response,0.20,85.14537822096798
response,0.21,84.64756501253808
response,0.22,83.6838078463418
response,0.23,83.72345149964849
response,0.24,83.33986678701064
response,0.25,83.04098003066683
response,0.26,82.33914942867328
response,0.27,81.57855416754586
response,0.28,80.81479957406037
response,0.29,80.59876632548583
response,0.30,80.00530208999967
response,0.31,80.10273253911555
response,0.32,80.06786922415726
response,0.33,79.81645501673809
response,0.34,79.54060655539102
response,0.35,80.9153427565682
response,0.36,80.98708149062578
response,0.37,81.18447063284091
response,0.38,80.48396555217536
response,0.39,80.6302607966204
response,0.40,79.39819588909819
response,0.41,79.24287562096514
response,0.42,79.22456547390121
response,0.43,80.07054676424761
response,0.44,80.62742797522633
response,0.45,80.49451457629353
response,0.46,80.41638447141467
response,0.47,80.20482762431442
response,0.48,80.46599637697932
response,0.49,79.7202442296952
response,0.50,80.31104640736193
response,0.51,80.95877062368663
response,0.52,81.28177568766026
response,0.53,81.69108125413584
response,0.54,81.69394256433473
response,0.55,81.97591056258004
response,0.56,82.2332614727278
response,0.57,82.59969694855641
response,0.58,81.64933062925508
response,0.59,82.07378128257255
response,0.60,81.36183631112975
response,0.61,81.09661406638281
response,0.62,80.77338769629495
response,0.63,81.19520622005946
response,0.64,81.24512213736044
response,0.65,81.17949242769697
response,0.66,80.86990421632316
response,0.67,80.92672095476452
response,0.68,80.31637488566606
response,0.69,80.20722845208654
response,0.70,80.55980066222341
response,0.71,80.36661425256497
response,0.72,79.62328271633874
response,0.73,80.06478065994152
response,0.74,79.51443227396736
response,0.75,79.04560274319276
response,0.76,78.68371395142628
response,0.77,78.44704316271653
response,0.78,78.7201825392227
response,0.79,78.63627542128981
response,0.80,78.23388697015574
response,0.81,77.95024195835464
response,0.82,78.31049924937483
response,0.83,77.4068928717243
response,0.84,76.99070550598299
response,0.85,76.36862673358185
response,0.86,76.33153580715593
response,0.87,75.9688551072203
response,0.88,76.21337267117589
response,0.89,76.51616598521058
response,0.90,77.06592624312138
response,0.91,77.32555597907682
response,0.92,77.55744222731305
response,0.93,77.84898534279509
response,0.94,78.54202643362567
response,0.95,79.08599135481359
response,0.96,78.78351189805164
response,0.97,79.5331140542192
response,0.98,79.61959743302873
response,0.99,79.5956358847987
response,0.100,79.14987902868343
response,0.101,80.24174586273928
response,0.102,79.97509068955226
response,0.103,79.91646078175654
response,0.104,80.01316883188142
response,0.105,80.11068886798965
response,0.106,79.64241016808394
response,0.107,79.67924180538914
response,0.108,79.97447385013066
response,0.109,80.18375739053383
response,0.110,81.67394289990855
response,0.111,81.81380185938447
response,0.112,82.13421400400567
response,0.113,81.86626929764236
response,0.114,82.04910393928317
response,0.115,81.33378658849253
response,0.116,81.49513567452851
response,0.117,81.51676015312272
response,0.118,81.64143688091359
response,0.119,81.71904373768754
response,0.120,81.36511993007191
response,0.121,81.4229918528335
response,0.122,80.29960272796939
response,0.123,79.74593981521525
response,0.124,78.81142626799307
response,0.125,77.82261855286465
response,0.126,77.37106173138883
response,0.127,77.92509792277097
response,0.128,77.82256595587845
response,0.129,77.16869303158947
response,0.130,77.07168902285109
response,0.131,76.93671490570084
response,0.132,76.75999676479503
response,0.133,76.50991493596689
response,0.134,76.99284806792585
response,0.135,77.68558071240057
response,0.136,77.55898819286418
response,0.137,77.74797006780422
response,0.138,78.48073401534756
response,0.139,78.63057070747678
response,0.140,78.19707958511879
response,0.141,78.2613244576583
response,0.142,77.60215887267647
response,0.143,77.48920721080354
response,0.144,77.7117009172317
response,0.145,78.29707339648387
response,0.146,78.32574673792448
response,0.147,79.07241810277344
response,0.148,79.32562565108043
response,0.149,79.48653324092187
response,1.0,97.42491915234534
response,1.1,96.64513839157794
response,1.2,96.30435136650955
response,1.3,95.97109355310933
response,1.4,94.49990335262405
response,1.5,93.92889567334673
response,1.6,93.94574040356818
response,1.7,93.2550265984332
response,1.8,93.03262487530331
response,1.9,93.04835116970025
response,1.10,93.55951056414092
response,1.11,93.64251211098916
response,1.12,93.8640010731506
response,1.13,93.71469179462898
response,1.14,92.99484707978597
response,1.15,91.95103626176008
response,1.16,91.21579551228035
response,1.17,90.41396955654666
response,1.18,89.82216773922045
response,1.19,90.00095907614164
response,1.20,89.8604261814773
response,1.21,89.6664813345647
response,1.22,89.59625676038671
response,1.23,89.26054331569863
response,1.24,89.23291496282107
response,1.25,88.49324340603205
response,1.26,87.85894875337229
response,1.27,87.701354947931
response,1.28,87.77153775996035
response,1.29,87.30097084064803
response,1.30,87.4450949227776
response,1.31,86.82920685600209
response,1.32,86.43911722089405
response,1.33,85.70221092331761
response,1.34,84.89489993118406
response,1.35,84.09157317685991
response,1.36,84.41476602197841
response,1.37,83.64662699410529
response,1.38,83.25353187584268
response,1.39,82.43861394806007
response,1.40,82.54265299817796
response,1.41,82.21959251660606
response,1.42,81.38608860555955
response,1.43,80.4639615438978
response,1.44,80.2778557077968
response,1.45,79.40362233995454
response,1.46,78.89194370688546
response,1.47,79.0181807042089
response,1.48,79.32930416808597
response,1.49,78.65392143373288
response,1.50,78.41331405231108
response,1.51,77.7062082010811
response,1.52,77.50591999557403
response,1.53,76.83364288979794
response,1.54,77.1985287785903
response,1.55,77.24567151955185
response,1.56,76.51718074449688
response,1.57,77.2253790403294
response,1.58,76.90193406364837
response,1.59,77.07623176248543
response,1.60,76.73492277268367
response,1.61,77.43693834799188
response,1.62,76.91413913435024
response,1.63,77.03018948400347
response,1.64,77.02934579388757
response,1.65,77.04292078577481
response,1.66,77.07541993435525
response,1.67,76.55342982004849
response,1.68,76.79880790197993
response,1.69,76.2048674583042
response,1.70,76.34995364446593
response,1.71,76.1262556500941
response,1.72,76.43286416659303
response,1.73,76.46084697862895
response,1.74,76.95381714096438
response,1.75,77.44175538601563
response,1.76,77.98826937095131
response,1.77,77.76180232168181
response,1.78,77.79021976888828
response,1.79,78.07842815212351
response,1.80,77.6890142325417
response,1.81,77.43849673734474
response,1.82,77.5867917810041
response,1.83,77.80581796007051
response,1.84,77.49441610729875
response,1.85,77.28394068413951
response,1.86,77.20412562031831
response,1.87,77.05034868564408
response,1.88,76.68089264927602
response,1.89,76.22711896783647
response,1.90,76.2344656579185
response,1.91,76.13448375367922
response,1.92,76.57184460780007
response,1.93,77.12511388621336
response,1.94,77.74919540922491
response,1.95,77.92913337031888
response,1.96,78.50444180716184
response,1.97,78.40252756148229
response,1.98,78.12658030665068
response,1.99,78.02752573512531
response,1.100,77.67989795580819
response,1.101,77.12488527575525
response,1.102,76.71895445970932
response,1.103,76.63763303098541
response,1.104,76.07611491224496
response,1.105,76.33265328148764
response,1.106,75.55399854051619
response,1.107,75.38634782217063
response,1.108,74.94840339545755
response,1.109,75.15338107699067
response,1.110,74.76702914658595
response,1.111,74.47630782825442
response,1.112,74.28940255922461
response,1.113,74.00491643206625
response,1.114,73.5719737883244
response,1.115,73.54895150552079
response,1.116,74.14834462870209
response,1.117,73.77375028124099
response,1.118,73.49260743863705
response,1.119,73.23367437496354
response,1.120,72.50957894749405
response,1.121,72.30424490828784
response,1.122,72.49601918632307
response,1.123,72.17771192588651
response,1.124,72.32574685335392
response,1.125,72.57855385258456
response,1.126,72.33439248556955
response,1.127,72.46378633365501
response,1.128,72.65330254464799
response,1.129,72.10427315664033
response,1.130,72.27440253497672
response,1.131,71.94208154776666
response,1.132,71.57341155224921
response,1.133,71.6287997177913
response,1.134,71.91352619123701
response,1.135,71.84807914378479
response,1.136,72.3574000385625
response,1.137,72.5794107372298
response,1.138,72.79793493659169
response,1.139,72.6026600193376
response,1.140,72.37896223993518
response,1.141,72.17284198523141
response,1.142,72.22013523429058
response,1.143,71.63530784362396
response,1.144,71.8436574405475
response,1.145,72.49536345483345
response,1.146,72.45797582465546
response,1.147,72.8388806268251
response,1.148,73.85202572371338
response,1.149,74.57885172559553
response,2.0,96.10661766581421
response,2.1,95.60842415774115
response,2.2,95.34029791971999
response,2.3,95.11292244738473
response,2.4,94.78307965775159
response,2.5,93.50335797608058
response,2.6,92.54420334285386
response,2.7,91.31603303055756
response,2.8,90.27556110303188
response,2.9,89.4453448965435
response,2.10,89.42876659710772
response,2.11,89.1664741298717
response,2.12,88.7382599277989
response,2.13,87.69787377987433
response,2.14,86.91188719769853
response,2.15,86.03385631869125
response,2.16,84.57833159161123
response,2.17,84.15280835902573
response,2.18,83.88988776351115
response,2.19,83.31266374027815
response,2.20,82.71553806700173
response,2.21,82.67826522798066
response,2.22,81.72125126540826
response,2.23,81.06040877517492
response,2.24,80.39741569915506
response,2.25,79.8959806985482
response,2.26,79.49219250737248
response,2.27,78.67697878466936
response,2.28,77.81982735383855
response,2.29,77.47835100903907
response,2.30,76.71471468221192
response,2.31,75.80764610854324
response,2.32,75.61611643413129
response,2.33,75.11541845536195
response,2.34,74.2731819449367
response,2.35,73.61622131011988
response,2.36,72.98904292572554
response,2.37,72.15634076037651
response,2.38,71.63077514466096
response,2.39,71.22580215871312
response,2.40,70.75661844886264
response,2.41,70.35054397955334
response,2.42,70.14709950922223
response,2.43,69.92259490139988
response,2.44,68.9785074347201
response,2.45,68.7371552595578
response,2.46,68.42853713590588
response,2.47,67.86373128619488
response,2.48,67.37607284620304
response,2.49,67.42129288967892
response,2.50,66.748259906721
response,2.51,66.47166872149798
response,2.52,66.7622889263499
response,2.53,66.72855668804122
response,2.54,66.4801533373909
response,2.55,66.47295196793361
response,2.56,65.74644285272898
response,2.57,64.84767147189501
response,2.58,64.13650172791617
response,2.59,64.5354906759592
response,2.60,64.45264559334588
response,2.61,64.7425304730373
response,2.62,64.75446225904584
response,2.63,65.18733993066435
response,2.64,64.68476393336607
response,2.65,64.57058961626817
response,2.66,64.68730053915287
response,2.67,64.82624227278097
response,2.68,64.98859661455614
response,2.69,64.68120107713855
response,2.70,64.5723664464924
response,2.71,64.64095489421928
response,2.72,64.12130998187935
response,2.73,63.50307584486986
response,2.74,63.71022856057783
response,2.75,64.34343584945546
response,2.76,63.91992800144482
response,2.77,63.9528223337839
response,2.78,64.1512033563204
response,2.79,63.49980344337756
response,2.80,63.2069158850018
response,2.81,63.23264021739878
response,2.82,63.5588725414617
response,2.83,63.49929368950808
response,2.84,63.770055787440214
response,2.85,63.35540224107223
response,2.86,62.80727656657425
response,2.87,62.480004828589585
response,2.88,62.302364409425074
response,2.89,62.244976855438374
response,2.90,62.11823086913899
response,2.91,62.25860936062958
response,2.92,61.85109495129039
response,2.93,62.319933419040225
response,2.94,62.624376846201365
response,2.95,62.33996153629363
response,2.96,62.517553469749764
response,2.97,62.7196167406694
response,2.98,61.61023200384725
response,2.99,60.895731130869756
response,2.100,60.77845655464299
response,2.101,60.14145863426237
response,2.102,59.33477537557702
response,2.103,58.94998767216217
response,2.104,58.87596768440476
response,2.105,58.68831326063255
response,2.106,58.244655492729876
response,2.107,58.544148783861544
response,2.108,58.555819586041565
response,2.109,58.432941578454646
response,2.110,57.98685764955873
response,2.111,58.39489364284909
response,2.112,58.10098302529272
response,2.113,57.79761857325818
response,2.114,57.41263068839051
response,2.115,57.31287863837035
response,2.116,56.88261716974316
response,2.117,56.854747054826845
response,2.118,56.60841930424708
response,2.119,56.534380602439555
response,2.120,56.65551459428489
response,2.121,57.029506909706576
response,2.122,56.37929879489795
response,2.123,56.43449289314495
response,2.124,56.538391927689766
response,2.125,56.526985609979334
response,2.126,56.429761090989565
response,2.127,56.91927909292166
response,2.128,57.5177306288351
response,2.129,57.366885563596654
response,2.130,57.43005989323512
response,2.131,57.17186273592836
response,2.132,57.25789710257022
response,2.133,57.59975174133483
response,2.134,57.60458857386686
response,2.135,57.777341851627455
response,2.136,57.33670921145897
response,2.137,57.63273365896065
response,2.138,57.611578585016126
response,2.139,57.96887596102721
response,2.140,57.77407928110743
response,2.141,58.50233293591445
response,2.142,58.63683693147816
response,2.143,58.715319785726436
response,2.144,59.20277905851321
response,2.145,59.342879351905964
response,2.146,59.022601528171805
response,2.147,58.87432310986616
response,2.148,58.50425076383225
response,2.149,58.07330933032894
entropy,0.0,1.1281701912844724
entropy,0.1,1.1064790480162243
entropy,0.2,1.1034210009516017
entropy,0.3,1.0903084093254056
entropy,0.4,1.0782800321388673
entropy,0.5,1.066460705221668
entropy,0.6,1.067444969830373
entropy,0.7,1.038709141182922
entropy,0.8,1.030016188980226
entropy,0.9,1.023653890996144
entropy,0.10,1.004853054282293
entropy,0.11,0.9935647129520848
entropy,0.12,0.9959794467826859
entropy,0.13,0.9881272688036854
entropy,0.14,0.984011591198398
entropy,0.15,0.976376605283408
entropy,0.16,0.9693656743165943
entropy,0.17,0.9625360763277111
entropy,0.18,0.9584618584764011
entropy,0.19,0.9474914534656135
entropy,0.20,0.9376554233854854
entropy,0.21,0.9266041562506404
entropy,0.22,0.9125302330206311
entropy,0.23,0.9053912482972329
entropy,0.24,0.905321456736997
entropy,0.25,0.9004067520552183
entropy,0.26,0.8947602555355754
entropy,0.27,0.8902355183445102
entropy,0.28,0.8775107291394328
entropy,0.29,0.8551439235427688
entropy,0.30,0.8512668612506549
entropy,0.31,0.8434781370727525
entropy,0.32,0.8312494209767426
entropy,0.33,0.8355503618142959
entropy,0.34,0.835183170688526
entropy,0.35,0.8276694690715889
entropy,0.36,0.820017998504133
entropy,0.37,0.8240076495448324
entropy,0.38,0.8130531621911243
entropy,0.39,0.8126146567218234
entropy,0.40,0.8130879036552764
entropy,0.41,0.8181834770219664
entropy,0.42,0.8105589349599605
entropy,0.43,0.8058726955951172
entropy,0.44,0.8013069169555623
entropy,0.45,0.7950454639875273
entropy,0.46,0.7841530354665951
entropy,0.47,0.7828443189632583
entropy,0.48,0.7776277879840495
entropy,0.49,0.7707291205508766
entropy,0.50,0.7641485483952416
entropy,0.51,0.7554895592463304
entropy,0.52,0.7612955251450392
entropy,0.53,0.755773033718859
entropy,0.54,0.7503638158487222
entropy,0.55,0.7450790281800613
entropy,0.56,0.7466160884882945
entropy,0.57,0.7337485045826194
entropy,0.58,0.735276828775952
entropy,0.59,0.7346858183449211
entropy,0.60,0.7324444748428282
entropy,0.61,0.7352022959638954
entropy,0.62,0.7256070891110984
entropy,0.63,0.7156273246091079
entropy,0.64,0.7138307982101165
entropy,0.65,0.7151121170306117
entropy,0.66,0.7025570010909584
entropy,0.67,0.7078461760394319
entropy,0.68,0.7148784897733308
entropy,0.69,0.7130336406250865
entropy,0.70,0.7193935045861596
entropy,0.71,0.7330490277621774
entropy,0.72,0.7366993853662067
entropy,0.73,0.7295122635584743
entropy,0.74,0.7315446038070363
entropy,0.75,0.7282709908406213
entropy,0.76,0.7205859743844941
entropy,0.77,0.7267570557172506
entropy,0.78,0.7521569583382559
entropy,0.79,0.753712908398416
entropy,0.80,0.7617488930667516
entropy,0.81,0.7678620045620156
entropy,0.82,0.7690385996415291
entropy,0.83,0.7510119504072881
entropy,0.84,0.7526285306881967
entropy,0.85,0.7489590075600354
entropy,0.86,0.7486518144347125
entropy,0.87,0.7456099003602601
entropy,0.88,0.749869237590807
entropy,0.89,0.7418797865613944
entropy,0.90,0.7432629002965359
entropy,0.91,0.7473808923936126
entropy,0.92,0.7452922524045517
entropy,0.93,0.7556110678014731
entropy,0.94,0.7678244612313698
entropy,0.95,0.767250782081574
entropy,0.96,0.7708231085666629
entropy,0.97,0.7895775920578489
entropy,0.98,0.7922727045769934
entropy,0.99,0.80070599008447
entropy,0.100,0.8047928530590874
entropy,0.101,0.8057471053496797
entropy,0.102,0.7982017096591038
entropy,0.103,0.7935713130083897
entropy,0.104,0.8008886349310949
entropy,0.105,0.7947613843771906
entropy,0.106,0.7965842670026366
entropy,0.107,0.7937109196842341
entropy,0.108,0.7957647840439772
entropy,0.109,0.7871056913393703
entropy,0.110,0.784446884795042
entropy,0.111,0.7816782127189612
entropy,0.112,0.7881571931251367
entropy,0.113,0.782962016038451
entropy,0.114,0.7818875619448318
entropy,0.115,0.7985194105842585
entropy,0.116,0.7950357373622831
entropy,0.117,0.7888603831560732
entropy,0.118,0.7876601706057124
entropy,0.119,0.7906368617780457
entropy,0.120,0.7828244787629218
entropy,0.121,0.7829272291095524
entropy,0.122,0.7798978630893986
entropy,0.123,0.7770944518423278
entropy,0.124,0.7693367629056487
entropy,0.125,0.7609000653632734
entropy,0.126,0.7647096316043165
entropy,0.127,0.7680034488139602
entropy,0.128,0.7655612824473582
entropy,0.129,0.7576065600488476
entropy,0.130,0.7509338241714827
entropy,0.131,0.7415327284782556
entropy,0.132,0.7401102426166889
entropy,0.133,0.7427943515184364
entropy,0.134,0.7440902114589328
entropy,0.135,0.7495253366822988
entropy,0.136,0.7378958300412479
entropy,0.137,0.7289926182937485
entropy,0.138,0.7206127276944094
entropy,0.139,0.7255311726052289
entropy,0.140,0.7255603146140952
entropy,0.141,0.7356809194099512
entropy,0.142,0.7362814573363557
entropy,0.143,0.7498589627137787
entropy,0.144,0.7467490726065978
entropy,0.145,0.742982145702339
entropy,0.146,0.7383870901336955
entropy,0.147,0.7395439648785979
entropy,0.148,0.7315459182385773
entropy,0.149,0.7319189471787756
entropy,1.0,1.1331800419667066
entropy,1.1,1.1175811690488562
entropy,1.2,1.0968841977154735
entropy,1.3,1.081315860277119
entropy,1.4,1.069532469495727
entropy,1.5,1.0579838219234674
entropy,1.6,1.0377390933798227
entropy,1.7,1.0217697945042072
entropy,1.8,1.0106623319312875
entropy,1.9,0.9940617536082224
entropy,1.10,0.9769391327739838
entropy,1.11,0.969287304680857
entropy,1.12,0.9564172000539589
entropy,1.13,0.9354696095945919
entropy,1.14,0.9231171644482437
entropy,1.15,0.9117898951184252
entropy,1.16,0.8973763108547116
entropy,1.17,0.8931267164670168
entropy,1.18,0.8854637967089085
entropy,1.19,0.8797995134787635
entropy,1.20,0.8623969669643077
entropy,1.21,0.8555677988388611
entropy,1.22,0.8359593062559829
entropy,1.23,0.8198495655005186
entropy,1.24,0.8054403474262877
entropy,1.25,0.7963313862560729
entropy,1.26,0.7805828846624625
entropy,1.27,0.7772923588253318
entropy,1.28,0.76835997960567
entropy,1.29,0.7704853926701319
entropy,1.30,0.7674678338185532
entropy,1.31,0.7577294264641944
entropy,1.32,0.7434605880928488
entropy,1.33,0.7377606297553518
entropy,1.34,0.7141673649959979
entropy,1.35,0.7064349518933459
entropy,1.36,0.6978986025664526
entropy,1.37,0.6881963065458051
entropy,1.38,0.6853528464167622
entropy,1.39,0.6863366484046954
entropy,1.40,0.6809253961610671
entropy,1.41,0.6772607935937125
entropy,1.42,0.6748320040490448
entropy,1.43,0.6597956470426016
entropy,1.44,0.6471493097886084
entropy,1.45,0.6310737036688505
entropy,1.46,0.6228597118568638
entropy,1.47,0.6192150471904853
entropy,1.48,0.6239569386334995
entropy,1.49,0.6202125363032559
entropy,1.50,0.6178588380561479
entropy,1.51,0.6125044589764845
entropy,1.52,0.611597980589353
entropy,1.53,0.602817956609437
entropy,1.54,0.598208566767785
entropy,1.55,0.5981694435532124
entropy,1.56,0.5926761691866594
entropy,1.57,0.5914997069169459
entropy,1.58,0.5789232403062428
entropy,1.59,0.5706181171572853
entropy,1.60,0.5634619415543335
entropy,1.61,0.5600041259464339
entropy,1.62,0.5481449079891411
entropy,1.63,0.5484781212633341
entropy,1.64,0.5516921816126596
entropy,1.65,0.5476809746428521
entropy,1.66,0.5453148144201705
entropy,1.67,0.5328281947101123
entropy,1.68,0.5291858577090541
entropy,1.69,0.5256262204702787
entropy,1.70,0.5138343174793416
entropy,1.71,0.5104679280773999
entropy,1.72,0.511535132478137
entropy,1.73,0.5082247737045998
entropy,1.74,0.4975878973474944
entropy,1.75,0.5006511176746123
entropy,1.76,0.493429854879249
entropy,1.77,0.4881592667832963
entropy,1.78,0.4871329108906453
entropy,1.79,0.49189223597383397
entropy,1.80,0.49404380287771615
entropy,1.81,0.496410592764141
entropy,1.82,0.4986362393904653
entropy,1.83,0.48854601895144245
entropy,1.84,0.48308017708305995
entropy,1.85,0.4759655836912521
entropy,1.86,0.4711583431290566
entropy,1.87,0.4688320158272167
entropy,1.88,0.4726379038554579
entropy,1.89,0.4655682386188312
entropy,1.90,0.4690260508259446
entropy,1.91,0.46356037512768167
entropy,1.92,0.45658445498292566
entropy,1.93,0.4573753104190213
entropy,1.94,0.4547555150467812
entropy,1.95,0.44486707823491994
entropy,1.96,0.4458241292878717
entropy,1.97,0.44100733939653386
entropy,1.98,0.43137144135962885
entropy,1.99,0.4294083134229737
entropy,1.100,0.4307305504315502
entropy,1.101,0.4234963082721536
entropy,1.102,0.4266747153155704
entropy,1.103,0.42910140717989403
entropy,1.104,0.4352185231973996
entropy,1.105,0.436736909573165
entropy,1.106,0.4346088348357085
entropy,1.107,0.4387847887925752
entropy,1.108,0.4423764168129565
entropy,1.109,0.440477262743698
entropy,1.110,0.43102384999050075
entropy,1.111,0.4347346533930295
entropy,1.112,0.42614481809063526
entropy,1.113,0.41859112744999094
entropy,1.114,0.4109416678011265
entropy,1.115,0.4131375783967634
entropy,1.116,0.4119852265987764
entropy,1.117,0.41476314350076315
entropy,1.118,0.4122244070778186
entropy,1.119,0.41756584274240593
entropy,1.120,0.4156001576632093
entropy,1.121,0.4164561178681072
entropy,1.122,0.41753922124482035
entropy,1.123,0.4096784839809877
entropy,1.124,0.4003495864338613
entropy,1.125,0.39976704257810225
entropy,1.126,0.3942026561800962
entropy,1.127,0.3911011000179002
entropy,1.128,0.3962959899605736
entropy,1.129,0.3937532721299895
entropy,1.130,0.38680329211491377
entropy,1.131,0.38437201749399286
entropy,1.132,0.38369042168986633
entropy,1.133,0.3823148103868872
entropy,1.134,0.3858721518210525
entropy,1.135,0.3942656872480742
entropy,1.136,0.3952396316869089
entropy,1.137,0.39673693460503023
entropy,1.138,0.4001131066047099
entropy,1.139,0.40110538345229974
entropy,1.140,0.3990122378990893
entropy,1.141,0.40183152374380593
entropy,1.142,0.4002079123412472
entropy,1.143,0.3980440839266684
entropy,1.144,0.3985236212327722
entropy,1.145,0.39484540590087686
entropy,1.146,0.39303649834973453
entropy,1.147,0.38868119144493024
entropy,1.148,0.38733494080115954
entropy,1.149,0.384359913845043
entropy,2.0,1.1120214569691456
entropy,2.1,1.0973620201056868
entropy,2.2,1.0753614593256178
entropy,2.3,1.0605241163740982
entropy,2.4,1.037081088448166
entropy,2.5,1.0236155485616285
entropy,2.6,1.0001179013354595
entropy,2.7,0.985799140773796
entropy,2.8,0.9618246018807272
entropy,2.9,0.9463095544344824
entropy,2.10,0.9309564288441398
entropy,2.11,0.9132529860162976
entropy,2.12,0.9017487703048215
entropy,2.13,0.8911517219362991
entropy,2.14,0.8732152926651647
entropy,2.15,0.8538513196630038
entropy,2.16,0.8368383640434435
entropy,2.17,0.8165582967491852
entropy,2.18,0.7967188662036532
entropy,2.19,0.7818374035045041
entropy,2.20,0.7753663193457354
entropy,2.21,0.7678389127750884
entropy,2.22,0.7599332464095755
entropy,2.23,0.7507012127114558
entropy,2.24,0.7448179189850079
entropy,2.25,0.7351367375337623
entropy,2.26,0.7235028032675863
entropy,2.27,0.713225525805662
entropy,2.28,0.7025830449894106
entropy,2.29,0.6885515308233419
entropy,2.30,0.670348598185891
entropy,2.31,0.6583954950549079
entropy,2.32,0.6507710615665282
entropy,2.33,0.6444751343917099
entropy,2.34,0.6365929486280567
entropy,2.35,0.6250880801116342
entropy,2.36,0.6250304908248872
entropy,2.37,0.6103215745541192
entropy,2.38,0.6017890142716078
entropy,2.39,0.5932659080666319
entropy,2.40,0.5919297715221206
entropy,2.41,0.5753508066334473
entropy,2.42,0.5687028244118902
entropy,2.43,0.5648917959862453
entropy,2.44,0.5580152403011053
entropy,2.45,0.548338009910563
entropy,2.46,0.5428013764223886
entropy,2.47,0.536849873173748
entropy,2.48,0.5300724514629677
entropy,2.49,0.5267098314336803
entropy,2.50,0.5183319492110803
entropy,2.51,0.5123792966830956
entropy,2.52,0.5076913001734431
entropy,2.53,0.4985034635910694
entropy,2.54,0.4851848524097286
entropy,2.55,0.4882184216927834
entropy,2.56,0.48295805168880107
entropy,2.57,0.4710621431363254
entropy,2.58,0.4619905232856265
entropy,2.59,0.4622408237376735
entropy,2.60,0.454640491413648
entropy,2.61,0.44686025012799846
entropy,2.62,0.4459458673626887
entropy,2.63,0.4450621369147499
entropy,2.64,0.4410595647356464
entropy,2.65,0.4302711242140457
entropy,2.66,0.4249648614769074
entropy,2.67,0.4266288049824579
entropy,2.68,0.42293304535880843
entropy,2.69,0.42213073470237755
entropy,2.70,0.42171279142807316
entropy,2.71,0.4220210219672003
entropy,2.72,0.41831503075491455
entropy,2.73,0.41435393932207876
entropy,2.74,0.4141159749552789
entropy,2.75,0.41777146339348353
entropy,2.76,0.4113986601852554
entropy,2.77,0.40397405962454036
entropy,2.78,0.3995483080386421
entropy,2.79,0.3903482494692488
entropy,2.80,0.383990407102188
entropy,2.81,0.38632911975079987
entropy,2.82,0.3918388177782721
entropy,2.83,0.3866314755443003
entropy,2.84,0.386395977752305
entropy,2.85,0.3859650500240182
entropy,2.86,0.386783006145695
entropy,2.87,0.37701535725666535
entropy,2.88,0.3729173332674454
entropy,2.89,0.3704914200742916
entropy,2.90,0.36284482646640714
entropy,2.91,0.3568861770045265
entropy,2.92,0.3526868867003602
entropy,2.93,0.36620304998653325
entropy,2.94,0.3639800479792286
entropy,2.95,0.36326757143536564
entropy,2.96,0.3632186785830921
entropy,2.97,0.36211518497684475
entropy,2.98,0.3530437009775335
entropy,2.99,0.3536486766023241
entropy,2.100,0.3517208208527282
entropy,2.101,0.34877664849917767
entropy,2.102,0.35026417165952334
entropy,2.103,0.3497112063729172
entropy,2.104,0.3464526352476278
entropy,2.105,0.3473053533446744
entropy,2.106,0.3430700238263101
entropy,2.107,0.3389761378884396
entropy,2.108,0.3310613253359154
entropy,2.109,0.326115838586186
entropy,2.110,0.32218806308912096
entropy,2.111,0.3231773869616817
entropy,2.112,0.32243732887909693
entropy,2.113,0.3310819103066354
entropy,2.114,0.32429706679713816
entropy,2.115,0.32248876906364343
entropy,2.116,0.3247226674595075
entropy,2.117,0.3159345102790827
entropy,2.118,0.309550567033992
entropy,2.119,0.31598068196162976
entropy,2.120,0.3090220755795185
entropy,2.121,0.3066009847522553
entropy,2.122,0.3116531476636196
entropy,2.123,0.3108511328126603
entropy,2.124,0.3129315008659686
entropy,2.125,0.3152667618643471
entropy,2.126,0.315595192219524
entropy,2.127,0.31489962630760543
entropy,2.128,0.3152109665646808
entropy,2.129,0.3078868182387081
entropy,2.130,0.3088476668860344
entropy,2.131,0.3044270535089964
entropy,2.132,0.3083424383387145
entropy,2.133,0.30763459513177227
entropy,2.134,0.30664271034780627
entropy,2.135,0.3102139842587169
entropy,2.136,0.30693135399917953
entropy,2.137,0.30124458563906487
entropy,2.138,0.2919333787960333
entropy,2.139,0.2979416996940634
entropy,2.140,0.2950525226404218
entropy,2.141,0.29970698926719064
entropy,2.142,0.29618739217632944
entropy,2.143,0.3014444534055219
entropy,2.144,0.3038671332905378
entropy,2.145,0.3045704644417966
entropy,2.146,0.3016094510358876
entropy,2.147,0.3072083682655414
entropy,2.148,0.30822359379028424
entropy,2.149,0.30401043045222187
filtering,0.0,0.05493082045087134
filtering,0.1,0.05995399923655564
filtering,0.2,0.05941814196760948
filtering,0.3,0.05298474074173925
filtering,0.4,0.048615874699227346
filtering,0.5,0.07375649895857624
filtering,0.6,0.08886719568850394
filtering,0.7,0.1155658521011286
filtering,0.8,0.14291687602880243
filtering,0.9,0.17062783018844432
filtering,0.10,0.19121559074264696
filtering,0.11,0.21479200618124727
filtering,0.12,0.2230109466517583
filtering,0.13,0.2399132012681975
filtering,0.14,0.251972481836981
filtering,0.15,0.26543018118063333
filtering,0.16,0.28185609423487595
filtering,0.17,0.29802737332630647
filtering,0.18,0.3076747389842882
filtering,0.19,0.3247852209769939
filtering,0.20,0.3405975118900568
filtering,0.21,0.343440399479364
filtering,0.22,0.35326793768804565
filtering,0.23,0.3734787860862784
filtering,0.24,0.38891560536731706
filtering,0.25,0.4019601192258055
filtering,0.26,0.42258234136123346
filtering,0.27,0.44504105909807185
filtering,0.28,0.45523291681647393
filtering,0.29,0.4650268853535667
filtering,0.30,0.4774937844161909
filtering,0.31,0.4881877597774902
filtering,0.32,0.4928339360573305
filtering,0.33,0.5014855911158248
filtering,0.34,0.5127888126889291
filtering,0.35,0.5233017480180499
filtering,0.36,0.5289600297656109
filtering,0.37,0.5420300510964904
filtering,0.38,0.5540111735909659
filtering,0.39,0.5646865137003656
filtering,0.40,0.5723602000410404
filtering,0.41,0.5877234659684077
filtering,0.42,0.6039862397985442
filtering,0.43,0.615884134875368
filtering,0.44,0.6264556740885667
filtering,0.45,0.6385060845732128
filtering,0.46,0.6490861924438648
filtering,0.47,0.6472796995618333
filtering,0.48,0.658101261474235
filtering,0.49,0.663630879374395
filtering,0.50,0.6730269504257234
filtering,0.51,0.6755513769092258
filtering,0.52,0.6865890698806034
filtering,0.53,0.6890570949563513
filtering,0.54,0.694764939008591
filtering,0.55,0.6942721134107193
filtering,0.56,0.7008967582520566
filtering,0.57,0.7079610415594517
filtering,0.58,0.7146482308010442
filtering,0.59,0.7176713664598967
filtering,0.60,0.7270191042532088
filtering,0.61,0.736677505493186
filtering,0.62,0.737885477687073
filtering,0.63,0.7403847924761284
filtering,0.64,0.7474888145188655
filtering,0.65,0.7517498903523109
filtering,0.66,0.7463328899276261
filtering,0.67,0.752594996238891
filtering,0.68,0.7636747092663572
filtering,0.69,0.7683040606204198
filtering,0.70,0.7705149256143963
filtering,0.71,0.776566258229012
filtering,0.72,0.7828242172044948
filtering,0.73,0.7779479372646194
filtering,0.74,0.7822403112187211
filtering,0.75,0.7845465422276553
filtering,0.76,0.7926278852525221
filtering,0.77,0.7934196586032256
filtering,0.78,0.8019813833301996
filtering,0.79,0.805350463889037
filtering,0.80,0.8194492053872909
filtering,0.81,0.8171695117073409
filtering,0.82,0.8218232413293283
filtering,0.83,0.8229080068360924
filtering,0.84,0.8280005334835697
filtering,0.85,0.8281482315488938
filtering,0.86,0.8307874616678133
filtering,0.87,0.8396326948280209
filtering,0.88,0.8470663068632891
filtering,0.89,0.8463294496866985
filtering,0.90,0.8469903570700553
filtering,0.91,0.8541193926543613
filtering,0.92,0.850717281681121
filtering,0.93,0.851196720833176
filtering,0.94,0.8572635330720828
filtering,0.95,0.8645652000969111
filtering,0.96,0.8770429918674519
filtering,0.97,0.8811665063748055
filtering,0.98,0.8880173783149614
filtering,0.99,0.890008379086699
filtering,0.100,0.8888737699072761
filtering,0.101,0.8840798419012037
filtering,0.102,0.890197809444173
filtering,0.103,0.891606856373358
filtering,0.104,0.8915179615667824
filtering,0.105,0.8899714324557574
filtering,0.106,0.8918278422951617
filtering,0.107,0.8955665833116949
filtering,0.108,0.8946770744592346
filtering,0.109,0.8966904202886975
filtering,0.110,0.9000036384899285
filtering,0.111,0.9017154789910728
filtering,0.112,0.8958598828759409
filtering,0.113,0.8901612482030605
filtering,0.114,0.8967889843868998
filtering,0.115,0.8992303299019067
filtering,0.116,0.8978717042932729
filtering,0.117,0.9093081035035256
filtering,0.118,0.9181008410963755
filtering,0.119,0.9217697045758504
filtering,0.120,0.9219316584298123
filtering,0.121,0.9339451951986828
filtering,0.122,0.9258856829214359
filtering,0.123,0.9181181215428417
filtering,0.124,0.9132722989019958
filtering,0.125,0.9173053133717595
filtering,0.126,0.9066482925914411
filtering,0.127,0.9127147702498163
filtering,0.128,0.9217820769044023
filtering,0.129,0.9279176032130169
filtering,0.130,0.924100999968799
filtering,0.131,0.9293686999514047
filtering,0.132,0.9278302562281701
filtering,0.133,0.9259570774428069
filtering,0.134,0.9299392018031847
filtering,0.135,0.9345200747185017
filtering,0.136,0.9350452223340313
filtering,0.137,0.934508936616819
filtering,0.138,0.9389737837437127
filtering,0.139,0.9303853704892221
filtering,0.140,0.9296519011549353
filtering,0.141,0.9289640973340682
filtering,0.142,0.9313167348799594
filtering,0.143,0.9389620508279984
filtering,0.144,0.9448304458699268
filtering,0.145,0.9474134126278307
filtering,0.146,0.9450219358887803
filtering,0.147,0.9451319652267173
filtering,0.148,0.9379876291263304
filtering,0.149,0.9358247928531778
filtering,1.0,0.08037565439464184
filtering,1.1,0.07636865946475276
filtering,1.2,0.06485381312895609
filtering,1.3,0.0577726967554107
filtering,1.4,0.06345143930524176
filtering,1.5,0.05094185183372328
filtering,1.6,0.040256047590141855
filtering,1.7,0.04268515469074744
filtering,1.8,0.049982792052721325
filtering,1.9,0.03511551406552767
filtering,1.10,0.038100309354850766
filtering,1.11,0.05235691244051215
filtering,1.12,0.06955529282195326
filtering,1.13,0.07231923024421665
filtering,1.14,0.09719637000264733
filtering,1.15,0.1225781120255586
filtering,1.16,0.12320360490199841
filtering,1.17,0.13869707156399316
filtering,1.18,0.15355804735572734
filtering,1.19,0.1624169431331117
filtering,1.20,0.16528137344960597
filtering,1.21,0.19354606266498103
filtering,1.22,0.20382808721560614
filtering,1.23,0.22280306762703406
filtering,1.24,0.23405074738327433
filtering,1.25,0.24749662821062424
filtering,1.26,0.2515744731522509
filtering,1.27,0.2603073991315412
filtering,1.28,0.26361835321751914
filtering,1.29,0.2788336923548445
filtering,1.30,0.28810811822640464
filtering,1.31,0.3051657723052851
filtering,1.32,0.3230529825624114
filtering,1.33,0.33922208633858103
filtering,1.34,0.3450164909564779
filtering,1.35,0.3482079095742803
filtering,1.36,0.34826908757531416
filtering,1.37,0.3514978503446653
filtering,1.38,0.36194603634090244
filtering,1.39,0.3698210460617664
filtering,1.40,0.3813245092859687
filtering,1.41,0.38360519500314477
filtering,1.42,0.3947547110168328
filtering,1.43,0.40508583510418367
filtering,1.44,0.41505364829510816
filtering,1.45,0.42792984843542375
filtering,1.46,0.43994839475365854
filtering,1.47,0.4528517409015979
filtering,1.48,0.4493146151062389
filtering,1.49,0.46764511516805346
filtering,1.50,0.4718362673123778
filtering,1.51,0.4875092966634524
filtering,1.52,0.4856195065696868
filtering,1.53,0.48959250734827775
filtering,1.54,0.4891997312083986
filtering,1.55,0.4942231311986498
filtering,1.56,0.5038804494081671
filtering,1.57,0.5254072129585585
filtering,1.58,0.5401317268222294
filtering,1.59,0.5397148743036237
filtering,1.60,0.5444202866764116
filtering,1.61,0.534805688364582
filtering,1.62,0.5340967006374177
filtering,1.63,0.5311856096717826
filtering,1.64,0.5430493345412525
filtering,1.65,0.5489175491446754
filtering,1.66,0.5643242460461392
filtering,1.67,0.5644548705669825
filtering,1.68,0.5837608172750953
filtering,1.69,0.5936207307686071
filtering,1.70,0.5996659485052361
filtering,1.71,0.5991273435269693
filtering,1.72,0.6030025643480601
filtering,1.73,0.6120871956452932
filtering,1.74,0.6062244886780696
filtering,1.75,0.6105779971311411
filtering,1.76,0.6142721400390515
filtering,1.77,0.6156329221756935
filtering,1.78,0.6166860175574285
filtering,1.79,0.624371502424252
filtering,1.80,0.6226345141245182
filtering,1.81,0.6263689970342521
filtering,1.82,0.6297733402126342
filtering,1.83,0.6276155427304301
filtering,1.84,0.6369559088442645
filtering,1.85,0.6530268844954323
filtering,1.86,0.6572516255039998
filtering,1.87,0.663602615747326
filtering,1.88,0.6666982511236806
filtering,1.89,0.6621537511460118
filtering,1.90,0.6473211703813024
filtering,1.91,0.6633441959793237
filtering,1.92,0.6716795198428028
filtering,1.93,0.6785618590354068
filtering,1.94,0.6912174057072106
filtering,1.95,0.7074611292088405
filtering,1.96,0.7005877372865461
filtering,1.97,0.7070684313993748
filtering,1.98,0.6993692338005763
filtering,1.99,0.6965472407308574
filtering,1.100,0.7054216465367316
filtering,1.101,0.7091274712598534
filtering,1.102,0.7112217896703696
filtering,1.103,0.7338299741757406
filtering,1.104,0.7323454677923918
filtering,1.105,0.7253363622486586
filtering,1.106,0.7324474164739639
filtering,1.107,0.7318426584943896
filtering,1.108,0.7251255707699936
filtering,1.109,0.731014471980389
filtering,1.110,0.741768106195242
filtering,1.111,0.7460621800778018
filtering,1.112,0.7418749362908628
filtering,1.113,0.7416499491055913
filtering,1.114,0.7450142998825002
filtering,1.115,0.7452584863220106
filtering,1.116,0.7534551854373167
filtering,1.117,0.760831552760133
filtering,1.118,0.7685951938168829
filtering,1.119,0.7752249555817158
filtering,1.120,0.7850768658038619
filtering,1.121,0.7795713129589846
filtering,1.122,0.7788303491356481
filtering,1.123,0.7778444783977825
filtering,1.124,0.7709018393200728
filtering,1.125,0.7627224668736826
filtering,1.126,0.7667379993678396
filtering,1.127,0.7669200123282008
filtering,1.128,0.7732814308754392
filtering,1.129,0.7756774251905622
filtering,1.130,0.7763045937100186
filtering,1.131,0.7665125875616983
filtering,1.132,0.7738858307846943
filtering,1.133,0.7679278001256874
filtering,1.134,0.7751614732425912
filtering,1.135,0.7823417701199893
filtering,1.136,0.7876849002861565
filtering,1.137,0.7915021183828727
filtering,1.138,0.7957462286298443
filtering,1.139,0.8030694791337566
filtering,1.140,0.8035883845502146
filtering,1.141,0.8055218565834776
filtering,1.142,0.80196896475977
filtering,1.143,0.8029048803798459
filtering,1.144,0.8016553530117079
filtering,1.145,0.794357284917709
filtering,1.146,0.7992331846827485
filtering,1.147,0.8042388358243321
filtering,1.148,0.8078878570935748
filtering,1.149,0.8084103460383347
shaping,0.0.0,0.018078052075989746
shaping,0.0.1,0.019746222439701474
shaping,0.0.2,0.027972821922840327
shaping,0.0.3,0.030931506626281472
shaping,0.0.4,0.03498064017644704
shaping,0.0.5,0.032568304472848045
shaping,0.0.6,0.04275516002619297
shaping,0.0.7,0.047336561371706366
shaping,0.0.8,0.05514555864675977
shaping,0.0.9,0.051321480584635946
shaping,0.0.10,0.05658002513893981
shaping,0.0.11,0.06180792770735708
shaping,0.0.12,0.06655428039691091
shaping,0.0.13,0.07916032114045139
shaping,0.0.14,0.0876442653683223
shaping,0.0.15,0.08816531369045379
shaping,0.0.16,0.08887685121941168
shaping,0.0.17,0.09520927597226536
shaping,0.0.18,0.08852197230157471
shaping,0.0.19,0.09052409566411293
shaping,0.0.20,0.0953550328745439
shaping,0.0.21,0.09310862006872113
shaping,0.0.22,0.08544376552762563
shaping,0.0.23,0.08900842845040441
shaping,0.0.24,0.09307320294977811
shaping,0.0.25,0.09359824713065228
shaping,0.0.26,0.09565799896045263
shaping,0.0.27,0.1100873233567945
shaping,0.0.28,0.11099249998219596
shaping,0.0.29,0.11039426240317693
shaping,0.0.30,0.11719930543468376
shaping,0.0.31,0.12414306082646984
shaping,0.0.32,0.11971977070821875
shaping,0.0.33,0.12770984498884771
shaping,0.0.34,0.13557870697062213
shaping,0.0.35,0.13669726438649663
shaping,0.0.36,0.14099900009237312
shaping,0.0.37,0.14350526626545165
shaping,0.0.38,0.14483953614622247
shaping,0.0.39,0.14425700753443266
shaping,0.0.40,0.1436607692320835
shaping,0.0.41,0.1475865189407375
shaping,0.0.42,0.14539505401955533
shaping,0.0.43,0.144184385282513
shaping,0.0.44,0.14471246761082943
shaping,0.0.45,0.14514305922393814
shaping,0.0.46,0.1492342795593843
shaping,0.0.47,0.15742930227585805
shaping,0.0.48,0.1553635463746703
shaping,0.0.49,0.15278467291614878
shaping,0.0.50,0.15321492819927118
shaping,0.0.51,0.14427268420385428
shaping,0.0.52,0.14203433219467076
shaping,0.0.53,0.15157120808664223
shaping,0.0.54,0.1573693730583139
shaping,0.0.55,0.16178650663348648
shaping,0.0.56,0.17517804880685503
shaping,0.0.57,0.17497083238769492
shaping,0.0.58,0.16715311803018917
shaping,0.0.59,0.16793140274282026
shaping,0.0.60,0.17182843033450107
shaping,0.0.61,0.1641549270371634
shaping,0.0.62,0.1688302759921019
shaping,0.0.63,0.18112337690654468
shaping,0.0.64,0.18335484370530356
shaping,0.0.65,0.1839887632204658
shaping,0.0.66,0.19672740185745424
shaping,0.0.67,0.18979471512521037
shaping,0.0.68,0.18790887347019933
shaping,0.0.69,0.1856330406490181
shaping,0.0.70,0.18295864319926153
shaping,0.0.71,0.1864810663934578
shaping,0.0.72,0.19080384280980978
shaping,0.0.73,0.18474981095942936
shaping,0.0.74,0.19450179444596494
shaping,0.0.75,0.2031678287097703
shaping,0.0.76,0.20084848142360265
shaping,0.0.77,0.20985735891985835
shaping,0.0.78,0.22832067508262122
shaping,0.0.79,0.2262223200463473
shaping,0.0.80,0.22482413845122104
shaping,0.0.81,0.21870488057748705
shaping,0.0.82,0.21684374455013303
shaping,0.0.83,0.2084840140790354
shaping,0.0.84,0.21998220813817765
shaping,0.0.85,0.225388164752407
shaping,0.0.86,0.22799955540905936
shaping,0.0.87,0.2185427645337279
shaping,0.0.88,0.2097544792937483
shaping,0.0.89,0.19740404406996134
shaping,0.0.90,0.19815215797375146
shaping,0.0.91,0.20462406906516928
shaping,0.0.92,0.21755062339746492
shaping,0.0.93,0.22177530553285
shaping,0.0.94,0.22499096695590368
shaping,0.0.95,0.21711127133849062
shaping,0.0.96,0.21016751759339986
shaping,0.0.97,0.20469472844278375
shaping,0.0.98,0.21130961200598022
shaping,0.0.99,0.21253222587274204
shaping,0.0.100,0.21881878970014992
shaping,0.0.101,0.22105014376556079
shaping,0.0.102,0.23033170538445208
shaping,0.0.103,0.22770879663481614
shaping,0.0.104,0.21914679876156828
shaping,0.0.105,0.22111346305330476
shaping,0.0.106,0.22311052305275408
shaping,0.0.107,0.2218826634321374
shaping,0.0.108,0.22769248481777898
shaping,0.0.109,0.2342640485944091
shaping,0.0.110,0.23540169315088907
shaping,0.0.111,0.23655255199209668
shaping,0.0.112,0.23017309104590564
shaping,0.0.113,0.23222710951934686
shaping,0.0.114,0.23888333644749707
shaping,0.0.115,0.23961797100852256
shaping,0.0.116,0.23907581287909646
shaping,0.0.117,0.25538356385894134
shaping,0.0.118,0.24785554757484327
shaping,0.0.119,0.23982076494341292
shaping,0.0.120,0.2416274033880757
shaping,0.0.121,0.23951288777897894
shaping,0.0.122,0.23634701301314123
shaping,0.0.123,0.24038959814990035
shaping,0.0.124,0.248834846415437
shaping,0.0.125,0.2469941268940948
shaping,0.0.126,0.24560726080973913
shaping,0.0.127,0.239487934641877
shaping,0.0.128,0.2408493148075762
shaping,0.0.129,0.24347026986430076
shaping,0.0.130,0.23671653498482992
shaping,0.0.131,0.2443715648589125
shaping,0.0.132,0.23797833469031535
shaping,0.0.133,0.2414862507926636
shaping,0.0.134,0.23277640518810208
shaping,0.0.135,0.24199981395057976
shaping,0.0.136,0.24892776491733115
shaping,0.0.137,0.24507391662815112
shaping,0.0.138,0.2377305245049599
shaping,0.0.139,0.2458916565934335
shaping,0.0.140,0.24851585908410959
shaping,0.0.141,0.2459914484411381
shaping,0.0.142,0.2508117140856884
shaping,0.0.143,0.25419784879733265
shaping,0.0.144,0.2531110311410145
shaping,0.0.145,0.2405073038663093
shaping,0.0.146,0.22971143872628003
shaping,0.0.147,0.23931892046801706
shaping,0.0.148,0.24281106190127724
shaping,0.0.149,0.24382891513090352
shaping,0.1.0,0.0914074696889825
shaping,0.1.1,0.12402650358570966
shaping,0.1.2,0.15568943003575972
shaping,0.1.3,0.16821554761098303
shaping,0.1.4,0.19131479825101375
shaping,0.1.5,0.21634554554537916
shaping,0.1.6,0.2249436602557788
shaping,0.1.7,0.23268651641084545
shaping,0.1.8,0.2551302436195305
shaping,0.1.9,0.2591994400724654
shaping,0.1.10,0.2568869578920429
shaping,0.1.11,0.2797313445863017
shaping,0.1.12,0.3043858576000701
shaping,0.1.13,0.31674205051066434
shaping,0.1.14,0.33278116337627134
shaping,0.1.15,0.3613276201944844
shaping,0.1.16,0.36731681974586167
shaping,0.1.17,0.3521773639086894
shaping,0.1.18,0.3669307587562094
shaping,0.1.19,0.3856143004091882
shaping,0.1.20,0.3910099614001648
shaping,0.1.21,0.39475092609639184
shaping,0.1.22,0.4175665679839206
shaping,0.1.23,0.42357278790412617
shaping,0.1.24,0.42066426494965337
shaping,0.1.25,0.41825137729386314
shaping,0.1.26,0.4220002024772826
shaping,0.1.27,0.43427177540850637
shaping,0.1.28,0.4366991229945908
shaping,0.1.29,0.4333067118719335
shaping,0.1.30,0.4347200783846457
shaping,0.1.31,0.43089468091093397
shaping,0.1.32,0.41192449361226213
shaping,0.1.33,0.4104928754560645
shaping,0.1.34,0.41081483358381077
shaping,0.1.35,0.3959577143389507
shaping,0.1.36,0.40174216520093253
shaping,0.1.37,0.4032970048280432
shaping,0.1.38,0.39727039415244597
shaping,0.1.39,0.39846133839906034
shaping,0.1.40,0.4089094169026806
shaping,0.1.41,0.405033714638558
shaping,0.1.42,0.40022356238329343
shaping,0.1.43,0.39369283350926637
shaping,0.1.44,0.3949209624300964
shaping,0.1.45,0.3892525652225367
shaping,0.1.46,0.39221182950179845
shaping,0.1.47,0.39225259137580715
shaping,0.1.48,0.3899350174815657
shaping,0.1.49,0.3787958249328004
shaping,0.1.50,0.3715094031469973
shaping,0.1.51,0.3545760640520573
shaping,0.1.52,0.35857426450541874
shaping,0.1.53,0.36166018972688235
shaping,0.1.54,0.3556665850309657
shaping,0.1.55,0.36026967870687954
shaping,0.1.56,0.37264731538147505
shaping,0.1.57,0.3695377578519711
shaping,0.1.58,0.3628008627657968
shaping,0.1.59,0.37428746173023975
shaping,0.1.60,0.3760409299569711
shaping,0.1.61,0.37886121671985384
shaping,0.1.62,0.38366753829120726
shaping,0.1.63,0.3858813485635802
shaping,0.1.64,0.38797378728167553
shaping,0.1.65,0.39409824459779813
shaping,0.1.66,0.3852362224247901
shaping,0.1.67,0.38929462827957023
shaping,0.1.68,0.39009444371222385
shaping,0.1.69,0.3936647029964687
shaping,0.1.70,0.3875810175266619
shaping,0.1.71,0.39751853351339145
shaping,0.1.72,0.39359496858263165
shaping,0.1.73,0.3975296239391659
shaping,0.1.74,0.39749789752061104
shaping,0.1.75,0.41477143712068554
shaping,0.1.76,0.42110837478993146
shaping,0.1.77,0.4350627166198353
shaping,0.1.78,0.4426213684541677
shaping,0.1.79,0.44432923414514064
shaping,0.1.80,0.4264303363497738
shaping,0.1.81,0.43527111649315053
shaping,0.1.82,0.4267326981076529
shaping,0.1.83,0.422254879904902
shaping,0.1.84,0.4364005875395819
shaping,0.1.85,0.4592292692683065
shaping,0.1.86,0.45117954214074674
shaping,0.1.87,0.45601382006155883
shaping,0.1.88,0.4612319081384185
shaping,0.1.89,0.4416261873925438
shaping,0.1.90,0.43222092437652043
shaping,0.1.91,0.42538962096908095
shaping,0.1.92,0.4268187910132589
shaping,0.1.93,0.4313266985450321
shaping,0.1.94,0.4565600024411664
shaping,0.1.95,0.4554315024622498
shaping,0.1.96,0.4634682123419001
shaping,0.1.97,0.45513793801565133
shaping,0.1.98,0.4680410486247355
shaping,0.1.99,0.44734877026954795
shaping,0.1.100,0.46465286318302434
shaping,0.1.101,0.47605398411698363
shaping,0.1.102,0.48060197735286975
shaping,0.1.103,0.47095379751786226
shaping,0.1.104,0.47655934949594747
shaping,0.1.105,0.4606289755657801
shaping,0.1.106,0.4650654418378942
shaping,0.1.107,0.4587261279519995
shaping,0.1.108,0.45955562669634037
shaping,0.1.109,0.4606766487147098
shaping,0.1.110,0.4622555417731544
shaping,0.1.111,0.4483648145658162
shaping,0.1.112,0.44557636052855565
shaping,0.1.113,0.4484412892262297
shaping,0.1.114,0.43984348202225926
shaping,0.1.115,0.4358681322402277
shaping,0.1.116,0.42046139352811485
shaping,0.1.117,0.4136844058253591
shaping,0.1.118,0.40318404849740697
shaping,0.1.119,0.39924270899273645
shaping,0.1.120,0.38618732553843405
shaping,0.1.121,0.38421245354908906
shaping,0.1.122,0.39777973574067427
shaping,0.1.123,0.38614999724929305
shaping,0.1.124,0.4000998212832922
shaping,0.1.125,0.4078267564057227
shaping,0.1.126,0.4170787187701375
shaping,0.1.127,0.41951684202513617
shaping,0.1.128,0.42059763257263083
shaping,0.1.129,0.40522842286678357
shaping,0.1.130,0.39833056352261637
shaping,0.1.131,0.38669601368150863
shaping,0.1.132,0.3802491768073891
shaping,0.1.133,0.38072939611174866
shaping,0.1.134,0.36871980788183034
shaping,0.1.135,0.3844585082633362
shaping,0.1.136,0.4056094991023933
shaping,0.1.137,0.3940307177759341
shaping,0.1.138,0.3878762128871513
shaping,0.1.139,0.4023477745826119
shaping,0.1.140,0.39779948162961765
shaping,0.1.141,0.36126917487072374
shaping,0.1.142,0.36360285367912776
shaping,0.1.143,0.3717595482341215
shaping,0.1.144,0.3732644070859147
shaping,0.1.145,0.35851582559791567
shaping,0.1.146,0.3841941152134539
shaping,0.1.147,0.38168355321832015
shaping,0.1.148,0.3736492467862128
shaping,0.1.149,0.3643788067697115
shaping,1.0.0,1.0009292077267504
shaping,1.0.1,1.0015957978881267
shaping,1.0.2,1.0013503741796592
shaping,1.0.3,1.002202620650741
shaping,1.0.4,1.0032653628408676
shaping,1.0.5,1.0034434057539938
shaping,1.0.6,1.0032559147558489
shaping,1.0.7,1.0025063503681952
shaping,1.0.8,1.0025667167214194
shaping,1.0.9,1.0015977305587067
shaping,1.0.10,1.0021495425141387
shaping,1.0.11,1.0018473198339513
shaping,1.0.12,1.0021908349312147
shaping,1.0.13,1.0005910877365423
shaping,1.0.14,1.000673972398348
shaping,1.0.15,0.9997829189086739
shaping,1.0.16,1.000105428278158
shaping,1.0.17,1.002184407787724
shaping,1.0.18,1.0020082233386627
shaping,1.0.19,1.003541234774772
shaping,1.0.20,1.002883626842449
shaping,1.0.21,1.001769211065384
shaping,1.0.22,1.0002044328693405
shaping,1.0.23,1.0004310568147543
shaping,1.0.24,0.9986405017988877
shaping,1.0.25,0.9996512899493883
shaping,1.0.26,0.9998109742110514
shaping,1.0.27,1.0000750413027721
shaping,1.0.28,0.9990317016051398
shaping,1.0.29,0.9978897995760776
shaping,1.0.30,0.9975773798533079
shaping,1.0.31,0.9995586893614338
shaping,1.0.32,0.9998581381897909
shaping,1.0.33,1.0009093938824372
shaping,1.0.34,1.0032841288858885
shaping,1.0.35,1.004159723139689
shaping,1.0.36,1.0027703928811085
shaping,1.0.37,1.002820500682339
shaping,1.0.38,1.0026891055363951
shaping,1.0.39,1.001983421403148
shaping,1.0.40,1.0021782755990836
shaping,1.0.41,1.0021984511542352
shaping,1.0.42,1.0034736125846229
shaping,1.0.43,1.0048213210654335
shaping,1.0.44,1.0058736467909866
shaping,1.0.45,1.0049643740477359
shaping,1.0.46,1.0048796881758064
shaping,1.0.47,1.0040782511525084
shaping,1.0.48,1.0040576674973678
shaping,1.0.49,1.0033358659499483
shaping,1.0.50,1.0051544617604917
shaping,1.0.51,1.0063405867408248
shaping,1.0.52,1.0072050933354824
shaping,1.0.53,1.0068308808163307
shaping,1.0.54,1.0079874882561655
shaping,1.0.55,1.0079383301616651
shaping,1.0.56,1.0081469484573617
shaping,1.0.57,1.0083056714056569
shaping,1.0.58,1.0083360457253796
shaping,1.0.59,1.0084219183779075
shaping,1.0.60,1.0091798912946488
shaping,1.0.61,1.0105594207578934
shaping,1.0.62,1.009393709420693
shaping,1.0.63,1.010976796708382
shaping,1.0.64,1.0115408346194938
shaping,1.0.65,1.0128247977202016
shaping,1.0.66,1.011986447185599
shaping,1.0.67,1.0137248531729275
shaping,1.0.68,1.014394023182291
shaping,1.0.69,1.014529622332846
shaping,1.0.70,1.013106986773258
shaping,1.0.71,1.0138885190090519
shaping,1.0.72,1.0141895727102708
shaping,1.0.73,1.0147016381714093
shaping,1.0.74,1.0159100900198652
shaping,1.0.75,1.0175586206939398
shaping,1.0.76,1.0186111595118232
shaping,1.0.77,1.0194355401208066
shaping,1.0.78,1.0215970646446817
shaping,1.0.79,1.0222971861181704
shaping,1.0.80,1.0210512807470007
shaping,1.0.81,1.021096912170238
shaping,1.0.82,1.0205243851506245
shaping,1.0.83,1.019608344208633
shaping,1.0.84,1.0207368825714251
shaping,1.0.85,1.0242201303387986
shaping,1.0.86,1.0245314295426289
shaping,1.0.87,1.0279113808311955
shaping,1.0.88,1.0300223832402935
shaping,1.0.89,1.0291180794788313
shaping,1.0.90,1.0290554853074199
shaping,1.0.91,1.0298454835839652
shaping,1.0.92,1.02932355923663
shaping,1.0.93,1.0288144483844708
shaping,1.0.94,1.0305522949331634
shaping,1.0.95,1.0321845050111973
shaping,1.0.96,1.0338851138780938
shaping,1.0.97,1.0354741225925672
shaping,1.0.98,1.0358709121558336
shaping,1.0.99,1.035751638871751
shaping,1.0.100,1.0356862678452228
shaping,1.0.101,1.0351330941633383
shaping,1.0.102,1.0348287014998967
shaping,1.0.103,1.0380144957688937
shaping,1.0.104,1.0408670126769697
shaping,1.0.105,1.0417113452312226
shaping,1.0.106,1.0436287667433906
shaping,1.0.107,1.0459933624658988
shaping,1.0.108,1.0466083356307665
shaping,1.0.109,1.0477480817814822
shaping,1.0.110,1.0488702391472917
shaping,1.0.111,1.0487803463465921
shaping,1.0.112,1.0493123297191
shaping,1.0.113,1.0486186313045192
shaping,1.0.114,1.0478053976984971
shaping,1.0.115,1.0474083996778676
shaping,1.0.116,1.0501894507970966
shaping,1.0.117,1.0497106665114286
shaping,1.0.118,1.050352545559789
shaping,1.0.119,1.0511400513888254
shaping,1.0.120,1.0516249109986657
shaping,1.0.121,1.0507703654741656
shaping,1.0.122,1.0519675393115442
shaping,1.0.123,1.0519713158460264
shaping,1.0.124,1.0533801074602513
shaping,1.0.125,1.0546132766756668
shaping,1.0.126,1.0564676668950996
shaping,1.0.127,1.0571458737342367
shaping,1.0.128,1.0578043988241654
shaping,1.0.129,1.0577880696939146
shaping,1.0.130,1.0576110458343846
shaping,1.0.131,1.0575394027173488
shaping,1.0.132,1.0569147503135716
shaping,1.0.133,1.055927852076994
shaping,1.0.134,1.0549533742289823
shaping,1.0.135,1.0551098830733654
shaping,1.0.136,1.0541588442369216
shaping,1.0.137,1.0551068309274647
shaping,1.0.138,1.057401732717432
shaping,1.0.139,1.058324057919082
shaping,1.0.140,1.05992192688103
shaping,1.0.141,1.0623064255753498
shaping,1.0.142,1.061251975121404
shaping,1.0.143,1.0619821056407817
shaping,1.0.144,1.0628503997429224
shaping,1.0.145,1.0622979414675275
shaping,1.0.146,1.0599386448660149
shaping,1.0.147,1.0615250136059797
shaping,1.0.148,1.061260449872053
shaping,1.0.149,1.0616441248199355
shaping,1.1.0,1.0033983854694544
shaping,1.1.1,1.0031292601402553
shaping,1.1.2,1.0006794525951253
shaping,1.1.3,0.9960712463168632
shaping,1.1.4,0.9999381828474484
shaping,1.1.5,0.999951528720894
shaping,1.1.6,0.9999566944153202
shaping,1.1.7,0.9982446006836679
shaping,1.1.8,1.0037199058494923
shaping,1.1.9,0.9997633800629798
shaping,1.1.10,0.9955558770475501
shaping,1.1.11,0.9921045225584652
shaping,1.1.12,0.9983212267525483
shaping,1.1.13,1.0003744053454227
shaping,1.1.14,1.0085551185231247
shaping,1.1.15,1.009200862460182
shaping,1.1.16,1.0139527843776945
shaping,1.1.17,1.0058154682936191
shaping,1.1.18,1.0006724379556242
shaping,1.1.19,0.9957825451364758
shaping,1.1.20,0.9966955712243387
shaping,1.1.21,1.0006228464322764
shaping,1.1.22,1.0078700531376785
shaping,1.1.23,1.0057860342984095
shaping,1.1.24,1.0110261196397197
shaping,1.1.25,1.0083335362277286
shaping,1.1.26,1.0000745792982246
shaping,1.1.27,0.9993127106113202
shaping,1.1.28,1.0052258587732519
shaping,1.1.29,1.0063709206599265
shaping,1.1.30,1.0040857643648837
shaping,1.1.31,1.0084954091253786
shaping,1.1.32,1.008627569874651
shaping,1.1.33,1.008119794454122
shaping,1.1.34,1.0021148209277808
shaping,1.1.35,1.00506438850302
shaping,1.1.36,1.0082430353034655
shaping,1.1.37,1.0049126689104064
shaping,1.1.38,1.002807286848641
shaping,1.1.39,1.0104532943111955
shaping,1.1.40,1.0127917030766396
shaping,1.1.41,1.0091594520061313
shaping,1.1.42,1.010821686211516
shaping,1.1.43,1.0138173358240232
shaping,1.1.44,1.008549583502574
shaping,1.1.45,1.0129044500802007
shaping,1.1.46,1.012615414089053
shaping,1.1.47,1.0113362083511306
shaping,1.1.48,1.0123303405033215
shaping,1.1.49,1.0155315613766411
shaping,1.1.50,1.0114293533188117
shaping,1.1.51,1.0149866995718977
shaping,1.1.52,1.0190418721918628
shaping,1.1.53,1.0210128052947098
shaping,1.1.54,1.022933755708703
shaping,1.1.55,1.0193068872664464
shaping,1.1.56,1.0126119804096507
shaping,1.1.57,1.013466953503827
shaping,1.1.58,1.0092466813042664
shaping,1.1.59,1.0053097898847785
shaping,1.1.60,1.013573589601076
shaping,1.1.61,1.0247349600803055
shaping,1.1.62,1.031255854182972
shaping,1.1.63,1.0306833673693476
shaping,1.1.64,1.0365556247901166
shaping,1.1.65,1.0410573889403056
shaping,1.1.66,1.0361607636229058
shaping,1.1.67,1.0384483825710724
shaping,1.1.68,1.0503038557149693
shaping,1.1.69,1.0471571179975638
shaping,1.1.70,1.0471621057450826
shaping,1.1.71,1.050636022812462
shaping,1.1.72,1.0494813546310664
shaping,1.1.73,1.0471789074587574
shaping,1.1.74,1.0568825249056588
shaping,1.1.75,1.0613302186430633
shaping,1.1.76,1.0684901386887915
shaping,1.1.77,1.072096919247764
shaping,1.1.78,1.0778207456066813
shaping,1.1.79,1.074295460473687
shaping,1.1.80,1.0751602693533975
shaping,1.1.81,1.078461958923986
shaping,1.1.82,1.07514170058668
shaping,1.1.83,1.0754629931075839
shaping,1.1.84,1.0821841005243897
shaping,1.1.85,1.0908614639530583
shaping,1.1.86,1.0932156641822475
shaping,1.1.87,1.1042321506930561
shaping,1.1.88,1.1058341617726586
shaping,1.1.89,1.1058895295856723
shaping,1.1.90,1.0980151444612356
shaping,1.1.91,1.1049719873177555
shaping,1.1.92,1.1033407179369832
shaping,1.1.93,1.1162757784395843
shaping,1.1.94,1.1215714470795835
shaping,1.1.95,1.1291207265531822
shaping,1.1.96,1.131633020777926
shaping,1.1.97,1.134488681533588
shaping,1.1.98,1.1313960274103958
shaping,1.1.99,1.1376658845196195
shaping,1.1.100,1.1422397673353706
shaping,1.1.101,1.138401868020191
shaping,1.1.102,1.1464213153596543
shaping,1.1.103,1.1467586720398681
shaping,1.1.104,1.1529710941547713
shaping,1.1.105,1.1584681901686205
shaping,1.1.106,1.159236705693592
shaping,1.1.107,1.1629801374582323
shaping,1.1.108,1.164889484624993
shaping,1.1.109,1.1623418838729618
shaping,1.1.110,1.166198807354957
shaping,1.1.111,1.1652187100810811
shaping,1.1.112,1.1643338112180286
shaping,1.1.113,1.1710882174117805
shaping,1.1.114,1.1764447973779983
shaping,1.1.115,1.1730117035225154
shaping,1.1.116,1.1818422650530893
shaping,1.1.117,1.1830247159212905
shaping,1.1.118,1.1778095614390958
shaping,1.1.119,1.1782004567242952
shaping,1.1.120,1.1775233622247723
shaping,1.1.121,1.183536989139369
shaping,1.1.122,1.1859833130060724
shaping,1.1.123,1.1962842982574204
shaping,1.1.124,1.2023531491342236
shaping,1.1.125,1.2081552438841245
shaping,1.1.126,1.2107103105042702
shaping,1.1.127,1.2126758263995077
shaping,1.1.128,1.2131147746987456
shaping,1.1.129,1.2019414070796621
shaping,1.1.130,1.20564295889884
shaping,1.1.131,1.1978815666423046
shaping,1.1.132,1.1990519111479367
shaping,1.1.133,1.1948749565603456
shaping,1.1.134,1.1985350151502367
shaping,1.1.135,1.1957060307912686
shaping,1.1.136,1.2019282728369065
shaping,1.1.137,1.1997255339210873
shaping,1.1.138,1.201947778206183
shaping,1.1.139,1.2094141466060904
shaping,1.1.140,1.2138665823857173
shaping,1.1.141,1.2135567891937094
shaping,1.1.142,1.213307815271419
shaping,1.1.143,1.215616662721909
shaping,1.1.144,1.2117169775784449
shaping,1.1.145,1.2016598477802307
shaping,1.1.146,1.1992982335290803
shaping,1.1.147,1.2027970776935415
shaping,1.1.148,1.202140443888279
shaping,1.1.149,1.2041779961236054
shaping,2.0.0,0.0013863532801426917
shaping,2.0.1,0.0014394107922889488
shaping,2.0.2,-0.00034405726834207636
shaping,2.0.3,-0.0014424427926628017
shaping,2.0.4,-0.0007930698372089346
shaping,2.0.5,-0.0016136973275207485
shaping,2.0.6,-0.002138102075485015
shaping,2.0.7,-0.0009305441138508837
shaping,2.0.8,-0.0008336396690372789
shaping,2.0.9,-0.0013420037402698901
shaping,2.0.10,-2.695298784788358e-05
shaping,2.0.11,0.00017786754349449763
shaping,2.0.12,-0.0012339163306833972
shaping,2.0.13,-0.002236287040740622
shaping,2.0.14,-0.0027688479291002183
shaping,2.0.15,-0.004501731681528241
shaping,2.0.16,-0.006054194375417774
shaping,2.0.17,-0.006953014078200863
shaping,2.0.18,-0.008068783306147766
shaping,2.0.19,-0.007136608214735718
shaping,2.0.20,-0.007743567601194616
shaping,2.0.21,-0.00851668386674935
shaping,2.0.22,-0.0067368426168926115
shaping,2.0.23,-0.006393395006804027
shaping,2.0.24,-0.007584331923179929
shaping,2.0.25,-0.0074399118315133465
shaping,2.0.26,-0.007164985183842767
shaping,2.0.27,-0.008529593390911534
shaping,2.0.28,-0.008866607862024587
shaping,2.0.29,-0.007471674785576466
shaping,2.0.30,-0.006714798053679786
shaping,2.0.31,-0.005112312248014216
shaping,2.0.32,-0.00317172435097243
shaping,2.0.33,-0.0004577048737537065
shaping,2.0.34,0.0012794354252869027
shaping,2.0.35,0.0009051793720619742
shaping,2.0.36,0.0019587693869692726
shaping,2.0.37,0.0009892586911592496
shaping,2.0.38,-0.0009955311476330035
shaping,2.0.39,-0.0013662492353001352
shaping,2.0.40,0.0011539017345308178
shaping,2.0.41,0.0026866402489157015
shaping,2.0.42,0.004902912339564103
shaping,2.0.43,0.007400199020088996
shaping,2.0.44,0.0075110630867154995
shaping,2.0.45,0.00769457370898255
shaping,2.0.46,0.007741301637382568
shaping,2.0.47,0.007985255697380065
shaping,2.0.48,0.008177350576054229
shaping,2.0.49,0.00872140233526127
shaping,2.0.50,0.008989777803946889
shaping,2.0.51,0.007006308386144457
shaping,2.0.52,0.006344094542967961
shaping,2.0.53,0.0068157849411824
shaping,2.0.54,0.0060067801288411675
shaping,2.0.55,0.005750672044290722
shaping,2.0.56,0.006383243357929222
shaping,2.0.57,0.006609514776390186
shaping,2.0.58,0.007619794943361778
shaping,2.0.59,0.008584450126149503
shaping,2.0.60,0.009761854532385579
shaping,2.0.61,0.010430762179530605
shaping,2.0.62,0.009674516422341762
shaping,2.0.63,0.008541795995338735
shaping,2.0.64,0.009927435747430099
shaping,2.0.65,0.00912863949019314
shaping,2.0.66,0.01021156752313743
shaping,2.0.67,0.013549206384458069
shaping,2.0.68,0.014634828308901966
shaping,2.0.69,0.013561584505488215
shaping,2.0.70,0.015609011617446301
shaping,2.0.71,0.015813685233671087
shaping,2.0.72,0.015179809799684033
shaping,2.0.73,0.014808661075287825
shaping,2.0.74,0.01666757380038554
shaping,2.0.75,0.01620193500788443
shaping,2.0.76,0.01680197485034625
shaping,2.0.77,0.0157347614863345
shaping,2.0.78,0.01695448531485659
shaping,2.0.79,0.01564095632088326
shaping,2.0.80,0.015582592862204672
shaping,2.0.81,0.01570758024033559
shaping,2.0.82,0.018173200746003332
shaping,2.0.83,0.018613675490250874
shaping,2.0.84,0.020022552240646856
shaping,2.0.85,0.021076883469983522
shaping,2.0.86,0.02048600706574364
shaping,2.0.87,0.019940850195164377
shaping,2.0.88,0.020160928455356907
shaping,2.0.89,0.02016765443634254
shaping,2.0.90,0.020332139547411747
shaping,2.0.91,0.022170052771761782
shaping,2.0.92,0.02461092969096832
shaping,2.0.93,0.026652838404379098
shaping,2.0.94,0.026682330630371662
shaping,2.0.95,0.026956434697426444
shaping,2.0.96,0.026244103494794033
shaping,2.0.97,0.02583224790649466
shaping,2.0.98,0.02448765977040556
shaping,2.0.99,0.025256937037928227
shaping,2.0.100,0.02783132343487813
shaping,2.0.101,0.028235729048318624
shaping,2.0.102,0.028243064164321954
shaping,2.0.103,0.02930203265258429
shaping,2.0.104,0.02998873579249679
shaping,2.0.105,0.02928895065034945
shaping,2.0.106,0.030744710186709406
shaping,2.0.107,0.0306289963157381
shaping,2.0.108,0.031485703267403485
shaping,2.0.109,0.03229141429707479
shaping,2.0.110,0.03237726005456511
shaping,2.0.111,0.0332489889975639
shaping,2.0.112,0.033880588585209766
shaping,2.0.113,0.03395054708467696
shaping,2.0.114,0.0358569740669898
shaping,2.0.115,0.03692296648396525
shaping,2.0.116,0.035969245108376915
shaping,2.0.117,0.0363821826548932
shaping,2.0.118,0.0359330788903289
shaping,2.0.119,0.03516032623218665
shaping,2.0.120,0.03469933218831574
shaping,2.0.121,0.034812575052603656
shaping,2.0.122,0.035989019027920205
shaping,2.0.123,0.03865803148642341
shaping,2.0.124,0.038862854933488476
shaping,2.0.125,0.04032448578862226
shaping,2.0.126,0.0427083500566089
shaping,2.0.127,0.044052154734762324
shaping,2.0.128,0.04356433148302552
shaping,2.0.129,0.043399214474037884
shaping,2.0.130,0.04184509166757348
shaping,2.0.131,0.04009558756293421
shaping,2.0.132,0.03834118424712726
shaping,2.0.133,0.03938310286936933
shaping,2.0.134,0.03966086971905571
shaping,2.0.135,0.04063390869029195
shaping,2.0.136,0.04159153938113718
shaping,2.0.137,0.042130109121269896
shaping,2.0.138,0.040695705425474835
shaping,2.0.139,0.04297210763667263
shaping,2.0.140,0.04308131612846181
shaping,2.0.141,0.04373579243529643
shaping,2.0.142,0.04472876408031515
shaping,2.0.143,0.044553461845645535
shaping,2.0.144,0.04309425622866487
shaping,2.0.145,0.04366369388794787
shaping,2.0.146,0.043519837220218655
shaping,2.0.147,0.042135914709552906
shaping,2.0.148,0.04230855638823444
shaping,2.0.149,0.041711224258856365
shaping,2.1.0,-0.0028135020126790217
shaping,2.1.1,-0.0031877027370295925
shaping,2.1.2,-0.0031682956315877506
shaping,2.1.3,-0.003123485716796435
shaping,2.1.4,-0.0025745382225701194
shaping,2.1.5,-0.0015871564653389466
shaping,2.1.6,-0.0009253093713227998
shaping,2.1.7,-0.0027375130531050547
shaping,2.1.8,-0.004598790087639269
shaping,2.1.9,-0.0054532989514243305
shaping,2.1.10,-0.008370275165288169
shaping,2.1.11,-0.009436853275008032
shaping,2.1.12,-0.009146828761412942
shaping,2.1.13,-0.009392364483381852
shaping,2.1.14,-0.011610078803314158
shaping,2.1.15,-0.0128159622408255
shaping,2.1.16,-0.014884256840269852
shaping,2.1.17,-0.015864763051127457
shaping,2.1.18,-0.016808232299176402
shaping,2.1.19,-0.01620492991241028
shaping,2.1.20,-0.0153021273200519
shaping,2.1.21,-0.014653172567851732
shaping,2.1.22,-0.014321474392154154
shaping,2.1.23,-0.013004466569972067
shaping,2.1.24,-0.013509612937962493
shaping,2.1.25,-0.012909259395163554
shaping,2.1.26,-0.012186906935929312
shaping,2.1.27,-0.011435901283193457
shaping,2.1.28,-0.010464266049681894
shaping,2.1.29,-0.00803940546866849
shaping,2.1.30,-0.00787046460633057
shaping,2.1.31,-0.00722981019304884
shaping,2.1.32,-0.006456769277822936
shaping,2.1.33,-0.003393399171757368
shaping,2.1.34,-0.004196584036593575
shaping,2.1.35,-0.003863473271116657
shaping,2.1.36,-0.004024079729852555
shaping,2.1.37,-0.0030349868452851756
shaping,2.1.38,-0.0056809357819866575
shaping,2.1.39,-0.005943406750615908
shaping,2.1.40,-0.003373869204039542
shaping,2.1.41,-0.00228033174011945
shaping,2.1.42,-0.0012060946513690366
shaping,2.1.43,0.00046136464175653997
shaping,2.1.44,0.0020267144077948615
shaping,2.1.45,0.000974007975275446
shaping,2.1.46,0.001360771435880387
shaping,2.1.47,0.0011671171674707804
shaping,2.1.48,-0.0005215208732318767
shaping,2.1.49,-0.001818773848982109
shaping,2.1.50,-0.0013796646932027713
shaping,2.1.51,-0.0020008588240354418
shaping,2.1.52,-0.0033004298085289588
shaping,2.1.53,0.0014779856237461162
shaping,2.1.54,0.0020290285798967795
shaping,2.1.55,0.0023366067177459774
shaping,2.1.56,0.0035040970324885738
shaping,2.1.57,0.007598756447660181
shaping,2.1.58,0.0062527716645022855
shaping,2.1.59,0.009322866972354906
shaping,2.1.60,0.010503318844713918
shaping,2.1.61,0.010951814698243391
shaping,2.1.62,0.008242271884011769
shaping,2.1.63,0.006902485422663309
shaping,2.1.64,0.006193882073318873
shaping,2.1.65,0.006640257413945146
shaping,2.1.66,0.006215183633517228
shaping,2.1.67,0.006554846841744775
shaping,2.1.68,0.008583129587412159
shaping,2.1.69,0.008437467222616095
shaping,2.1.70,0.00695426178158939
shaping,2.1.71,0.007439580196557714
shaping,2.1.72,0.008363922342767734
shaping,2.1.73,0.007299832962048376
shaping,2.1.74,0.005949103848152252
shaping,2.1.75,0.0058560734955166345
shaping,2.1.76,0.0066726370641651605
shaping,2.1.77,0.005881307972303541
shaping,2.1.78,0.006501007664347245
shaping,2.1.79,0.008744429043911251
shaping,2.1.80,0.010956512903632176
shaping,2.1.81,0.01310696927089835
shaping,2.1.82,0.015368434244137119
shaping,2.1.83,0.015491622278495883
shaping,2.1.84,0.015819451901056308
shaping,2.1.85,0.014815040529490864
shaping,2.1.86,0.014203201394598441
shaping,2.1.87,0.01371326667128816
shaping,2.1.88,0.013882838406196309
shaping,2.1.89,0.014884444473581601
shaping,2.1.90,0.017515720803229724
shaping,2.1.91,0.018787213362779324
shaping,2.1.92,0.01899213140210943
shaping,2.1.93,0.02064787170453496
shaping,2.1.94,0.020808426828566335
shaping,2.1.95,0.020310706476542515
shaping,2.1.96,0.020651570630840946
shaping,2.1.97,0.024404134962489256
shaping,2.1.98,0.022927968105733307
shaping,2.1.99,0.023105924409402828
shaping,2.1.100,0.022741498885636476
shaping,2.1.101,0.021083037726073423
shaping,2.1.102,0.020105034515459592
shaping,2.1.103,0.022743458248803826
shaping,2.1.104,0.025538169715190445
shaping,2.1.105,0.028691440716624664
shaping,2.1.106,0.029711135601073635
shaping,2.1.107,0.02808590201493432
shaping,2.1.108,0.02602083805370915
shaping,2.1.109,0.023668645129706976
shaping,2.1.110,0.02325214669052097
shaping,2.1.111,0.0263545333422558
shaping,2.1.112,0.028009639318239396
shaping,2.1.113,0.029889976753200116
shaping,2.1.114,0.03116693470017571
shaping,2.1.115,0.029960736866505015
shaping,2.1.116,0.028398683811254044
shaping,2.1.117,0.028321589371766997
shaping,2.1.118,0.029978845310591078
shaping,2.1.119,0.030561527434025404
shaping,2.1.120,0.030085235144958075
shaping,2.1.121,0.02942696847023438
shaping,2.1.122,0.03089593199900646
shaping,2.1.123,0.02898705452869373
shaping,2.1.124,0.027388159620705968
shaping,2.1.125,0.030100840185106406
shaping,2.1.126,0.03218310420359774
shaping,2.1.127,0.031048369306260096
shaping,2.1.128,0.03149802931160153
shaping,2.1.129,0.032422208991102354
shaping,2.1.130,0.03169546344079868
shaping,2.1.131,0.03301042707087545
shaping,2.1.132,0.034202498249503714
shaping,2.1.133,0.03518007188121636
shaping,2.1.134,0.03707305639690819
shaping,2.1.135,0.03598976594001984
shaping,2.1.136,0.03456838673993735
shaping,2.1.137,0.03510666478553487
shaping,2.1.138,0.03453936890758499
shaping,2.1.139,0.034366325727956275
shaping,2.1.140,0.0344790866788594
shaping,2.1.141,0.03451906337755245
shaping,2.1.142,0.03409253723416411
shaping,2.1.143,0.03493093918568527
shaping,2.1.144,0.03509804970431135
shaping,2.1.145,0.03568463239142737
shaping,2.1.146,0.03650514933967484
shaping,2.1.147,0.03650425249539512
shaping,2.1.148,0.036996533765070616
shaping,2.1.149,0.03666104757652652
shaping,3.0.0,0.00954471477087373
shaping,3.0.1,0.007366894772499939
shaping,3.0.2,0.011483832842301003
shaping,3.0.3,0.013595848945865407
shaping,3.0.4,0.015904309287546357
shaping,3.0.5,0.01806628243194211
shaping,3.0.6,0.022799763431717662
shaping,3.0.7,0.020442721147618054
shaping,3.0.8,0.018884998522908834
shaping,3.0.9,0.02012205896320715
shaping,3.0.10,0.02163226134789405
shaping,3.0.11,0.02543878074690176
shaping,3.0.12,0.025540387998462952
shaping,3.0.13,0.02781663935761653
shaping,3.0.14,0.03040477882932952
shaping,3.0.15,0.032372362340606246
shaping,3.0.16,0.031073346664288855
shaping,3.0.17,0.033280057572077214
shaping,3.0.18,0.03841448638633055
shaping,3.0.19,0.038025161461892054
shaping,3.0.20,0.039686161457576155
shaping,3.0.21,0.04194619775052737
shaping,3.0.22,0.04528173074843876
shaping,3.0.23,0.04116179516118705
shaping,3.0.24,0.0447617397486226
shaping,3.0.25,0.04784541001519711
shaping,3.0.26,0.04920277093557225
shaping,3.0.27,0.05308081498752815
shaping,3.0.28,0.055657241258726904
shaping,3.0.29,0.05867537738646894
shaping,3.0.30,0.053998046552314126
shaping,3.0.31,0.055537397497674355
shaping,3.0.32,0.05431796943254246
shaping,3.0.33,0.05524286038896126
shaping,3.0.34,0.054440759839552454
shaping,3.0.35,0.057640537205648316
shaping,3.0.36,0.05946383890157734
shaping,3.0.37,0.05814851239153965
shaping,3.0.38,0.060522365583487364
shaping,3.0.39,0.05896639740257111
shaping,3.0.40,0.061145300458962354
shaping,3.0.41,0.06156738925613648
shaping,3.0.42,0.0638948479615686
shaping,3.0.43,0.0650703914615982
shaping,3.0.44,0.06629552569648937
shaping,3.0.45,0.06876931913483537
shaping,3.0.46,0.0668008538655767
shaping,3.0.47,0.06789202240036155
shaping,3.0.48,0.06826724799791956
shaping,3.0.49,0.07110339549299584
shaping,3.0.50,0.06967053316775162
shaping,3.0.51,0.07296806056808168
shaping,3.0.52,0.07256854835343665
shaping,3.0.53,0.07053622950238624
shaping,3.0.54,0.07314043827299965
shaping,3.0.55,0.07340311277716782
shaping,3.0.56,0.07206191328437597
shaping,3.0.57,0.0746833225303381
shaping,3.0.58,0.08187778798750868
shaping,3.0.59,0.07924181850250987
shaping,3.0.60,0.0815805404906879
shaping,3.0.61,0.08245987273016499
shaping,3.0.62,0.08201319977658761
shaping,3.0.63,0.07746371622140086
shaping,3.0.64,0.07776174745831796
shaping,3.0.65,0.07538715738413404
shaping,3.0.66,0.07721384985328085
shaping,3.0.67,0.07920443270693936
shaping,3.0.68,0.07823477602386555
shaping,3.0.69,0.07875514672615558
shaping,3.0.70,0.08527175121147
shaping,3.0.71,0.08496213815903493
shaping,3.0.72,0.08495572865619015
shaping,3.0.73,0.08959726397596392
shaping,3.0.74,0.08746187250553003
shaping,3.0.75,0.08359145739422928
shaping,3.0.76,0.08397031521494062
shaping,3.0.77,0.08073560355726443
shaping,3.0.78,0.08313367401872668
shaping,3.0.79,0.08877400583576302
shaping,3.0.80,0.09046545725636126
shaping,3.0.81,0.09285712996416338
shaping,3.0.82,0.09756746916374869
shaping,3.0.83,0.09455484196155142
shaping,3.0.84,0.09443023340583917
shaping,3.0.85,0.0936868509408908
shaping,3.0.86,0.09488729240426551
shaping,3.0.87,0.0948046490400795
shaping,3.0.88,0.0979958597878257
shaping,3.0.89,0.09600373620741201
shaping,3.0.90,0.09950962551936464
shaping,3.0.91,0.09603995431257525
shaping,3.0.92,0.09630162968429394
shaping,3.0.93,0.09379538389539432
shaping,3.0.94,0.0967818642398281
shaping,3.0.95,0.0938128306310898
shaping,3.0.96,0.09393696396852708
shaping,3.0.97,0.0943659645960987
shaping,3.0.98,0.09258410297691526
shaping,3.0.99,0.09075004848356681
shaping,3.0.100,0.09151140475380118
shaping,3.0.101,0.0967110381407138
shaping,3.0.102,0.09436827153295389
shaping,3.0.103,0.09708038034988413
shaping,3.0.104,0.09864798160415074
shaping,3.0.105,0.09826120578339127
shaping,3.0.106,0.09845557335550545
shaping,3.0.107,0.1004366236212603
shaping,3.0.108,0.10126124819282971
shaping,3.0.109,0.10297547637283672
shaping,3.0.110,0.10200676227837854
shaping,3.0.111,0.09995449954235122
shaping,3.0.112,0.10290131861566781
shaping,3.0.113,0.10463768540483957
shaping,3.0.114,0.10726316609942758
shaping,3.0.115,0.11028258927095076
shaping,3.0.116,0.11249200653477301
shaping,3.0.117,0.10928871126709984
shaping,3.0.118,0.10955782972896232
shaping,3.0.119,0.10574396366396469
shaping,3.0.120,0.10659649592028111
shaping,3.0.121,0.10332124270312977
shaping,3.0.122,0.1040654476892054
shaping,3.0.123,0.10266298319134992
shaping,3.0.124,0.10322967023964734
shaping,3.0.125,0.1045910129597911
shaping,3.0.126,0.10612621586491952
shaping,3.0.127,0.10638782456768991
shaping,3.0.128,0.10711374216520837
shaping,3.0.129,0.10535693588853375
shaping,3.0.130,0.10188442509333344
shaping,3.0.131,0.10324689160480248
shaping,3.0.132,0.10220667300313561
shaping,3.0.133,0.10365435218563239
shaping,3.0.134,0.10414952836223978
shaping,3.0.135,0.10809846188565848
shaping,3.0.136,0.10870893733476998
shaping,3.0.137,0.11122834293064844
shaping,3.0.138,0.10886861765787553
shaping,3.0.139,0.10997470340832805
shaping,3.0.140,0.10650632920793762
shaping,3.0.141,0.1040761500186964
shaping,3.0.142,0.10261998657336624
shaping,3.0.143,0.10286066670906492
shaping,3.0.144,0.1040766875176469
shaping,3.0.145,0.10681746758401257
shaping,3.0.146,0.1049592285647812
shaping,3.0.147,0.10586713012255254
shaping,3.0.148,0.10682086467443874
shaping,3.0.149,0.10623246620250786
shaping,3.1.0,0.009230818420344001
shaping,3.1.1,0.008794611567804252
shaping,3.1.2,0.006880069847804415
shaping,3.1.3,0.007439665781695677
shaping,3.1.4,0.008563258313728176
shaping,3.1.5,0.011522000013685687
shaping,3.1.6,0.014557831249501977
shaping,3.1.7,0.017231938431460314
shaping,3.1.8,0.01761091081218384
shaping,3.1.9,0.01977226824328951
shaping,3.1.10,0.02103475598660187
shaping,3.1.11,0.019821025347718284
shaping,3.1.12,0.021779678422562135
shaping,3.1.13,0.023179779141352164
shaping,3.1.14,0.025544518864989145
shaping,3.1.15,0.02805862544160335
shaping,3.1.16,0.031215672357739546
shaping,3.1.17,0.031598996084477284
shaping,3.1.18,0.03343195341460564
shaping,3.1.19,0.03553900410935881
shaping,3.1.20,0.03404736095548063
shaping,3.1.21,0.03486762397710475
shaping,3.1.22,0.03817713568894592
shaping,3.1.23,0.038156555440436064
shaping,3.1.24,0.036281113458503385
shaping,3.1.25,0.040395036932727287
shaping,3.1.26,0.04096035310224009
shaping,3.1.27,0.039276170243031906
shaping,3.1.28,0.04274934829453702
shaping,3.1.29,0.04330913364794439
shaping,3.1.30,0.0408357694214475
shaping,3.1.31,0.042806356062539117
shaping,3.1.32,0.044315560417649655
shaping,3.1.33,0.04387759002262926
shaping,3.1.34,0.04543584779165941
shaping,3.1.35,0.04939606584190569
shaping,3.1.36,0.049031505630757706
shaping,3.1.37,0.04781658533406289
shaping,3.1.38,0.047341373333051565
shaping,3.1.39,0.047824765113532716
shaping,3.1.40,0.044532543778984246
shaping,3.1.41,0.04420329798426029
shaping,3.1.42,0.047891760829042736
shaping,3.1.43,0.048034452235610786
shaping,3.1.44,0.045634525963610825
shaping,3.1.45,0.0518319487172798
shaping,3.1.46,0.05842412031392034
shaping,3.1.47,0.059852200376181205
shaping,3.1.48,0.06108936796538092
shaping,3.1.49,0.06531451263076209
shaping,3.1.50,0.06092775421380482
shaping,3.1.51,0.056023499498254074
shaping,3.1.52,0.05736898864495632
shaping,3.1.53,0.06007888006481133
shaping,3.1.54,0.06017816507723284
shaping,3.1.55,0.06281241915149935
shaping,3.1.56,0.06599357573493785
shaping,3.1.57,0.06415747920469674
shaping,3.1.58,0.06464283995566844
shaping,3.1.59,0.06765714155742861
shaping,3.1.60,0.07024763252421803
shaping,3.1.61,0.07250630925258834
shaping,3.1.62,0.07213072974583623
shaping,3.1.63,0.07383000286854725
shaping,3.1.64,0.07368055935754064
shaping,3.1.65,0.07440758426982393
shaping,3.1.66,0.07128286265192958
shaping,3.1.67,0.07652600773845403
shaping,3.1.68,0.07459984476486814
shaping,3.1.69,0.07576277519110738
shaping,3.1.70,0.07075649731672722
shaping,3.1.71,0.07076659357275736
shaping,3.1.72,0.06839348012116792
shaping,3.1.73,0.0677383247016602
shaping,3.1.74,0.06807520398652046
shaping,3.1.75,0.0722429898751295
shaping,3.1.76,0.07686638308539365
shaping,3.1.77,0.07736381323466375
shaping,3.1.78,0.08029046654321681
shaping,3.1.79,0.07894052648876095
shaping,3.1.80,0.07899356537113851
shaping,3.1.81,0.07585475824461471
shaping,3.1.82,0.0781196093767683
shaping,3.1.83,0.07862660606622428
shaping,3.1.84,0.0814716596534541
shaping,3.1.85,0.08404280126529455
shaping,3.1.86,0.08517350098611765
shaping,3.1.87,0.08336508814703864
shaping,3.1.88,0.08173421254101376
shaping,3.1.89,0.08170140980998332
shaping,3.1.90,0.07952014847319709
shaping,3.1.91,0.08028409342136718
shaping,3.1.92,0.08414741742627367
shaping,3.1.93,0.08824049385403122
shaping,3.1.94,0.0841598639877429
shaping,3.1.95,0.08624902029279581
shaping,3.1.96,0.08668947947693104
shaping,3.1.97,0.08569644953421726
shaping,3.1.98,0.08170077516740401
shaping,3.1.99,0.08342899236816194
shaping,3.1.100,0.08253661820066596
shaping,3.1.101,0.08002658101900782
shaping,3.1.102,0.07644112347618726
shaping,3.1.103,0.08077790720800092
shaping,3.1.104,0.08569862000796041
shaping,3.1.105,0.0849377601154571
shaping,3.1.106,0.08740644766531067
shaping,3.1.107,0.08802766763264593
shaping,3.1.108,0.08464112130406996
shaping,3.1.109,0.08172158234117191
shaping,3.1.110,0.08417154365075918
shaping,3.1.111,0.08544364900782798
shaping,3.1.112,0.08716458234471275
shaping,3.1.113,0.0906143370168642
shaping,3.1.114,0.09266929281718914
shaping,3.1.115,0.09323983362250944
shaping,3.1.116,0.09251741700656538
shaping,3.1.117,0.09413215944006653
shaping,3.1.118,0.09267094557196105
shaping,3.1.119,0.09187583122313371
shaping,3.1.120,0.09008479012409125
shaping,3.1.121,0.08909075925591034
shaping,3.1.122,0.08646274518452737
shaping,3.1.123,0.08417544836175747
shaping,3.1.124,0.0816196903383543
shaping,3.1.125,0.08218473719900121
shaping,3.1.126,0.08426000073614605
shaping,3.1.127,0.08593539651090165
shaping,3.1.128,0.08623098079472899
shaping,3.1.129,0.08640603409599965
shaping,3.1.130,0.08793509748511001
shaping,3.1.131,0.08939476908289709
shaping,3.1.132,0.08691098751069457
shaping,3.1.133,0.08986713136726543
shaping,3.1.134,0.0905085284517357
shaping,3.1.135,0.0860834343293584
shaping,3.1.136,0.0832762013001713
shaping,3.1.137,0.08272734026162828
shaping,3.1.138,0.08157064166666533
shaping,3.1.139,0.08130728563954145
shaping,3.1.140,0.08430086872294845
shaping,3.1.141,0.08643809708996751
shaping,3.1.142,0.08957335273191788
shaping,3.1.143,0.09301540894314178
shaping,3.1.144,0.09450597176018444
shaping,3.1.145,0.09530242665411102
shaping,3.1.146,0.09427899517112688
shaping,3.1.147,0.095260983406853
shaping,3.1.148,0.0929307056719623
shaping,3.1.149,0.09404794977360963
